Neighborhood,BldgType,OverallQual,LotArea,BedroomAbvGr,Bathrooms,GarageCars,SalePrice,Price_Per_Sq_Ft
CollgCr,1Fam,7,8450,3,2.5,2,208500,24.674556213017752
Other,1Fam,6,9600,3,2.0,2,181500,18.90625
CollgCr,1Fam,7,11250,3,2.5,2,223500,19.866666666666667
Other,1Fam,7,9550,3,1.0,3,140000,14.659685863874346
Other,1Fam,8,14260,4,2.5,3,250000,17.53155680224404
Other,1Fam,5,14115,1,1.5,2,143000,10.131066241586964
Somerst,1Fam,8,10084,3,2.0,2,307000,30.444268147560493
NWAmes,1Fam,7,10382,3,2.5,2,200000,19.264110961279137
OldTown,1Fam,7,6120,2,2.0,2,129900,21.225490196078432
Other,2fmCon,5,7420,2,1.0,1,118000,15.902964959568733
Sawyer,1Fam,5,11200,3,1.0,1,129500,11.5625
NridgHt,1Fam,9,11924,4,3.0,3,345000,28.933243877893325
Sawyer,1Fam,5,12968,2,1.0,1,144000,11.104256631708822
CollgCr,1Fam,7,10652,3,2.0,3,279500,26.239203905369884
NAmes,1Fam,6,10920,2,1.5,1,157000,14.377289377289378
Other,1Fam,7,6120,2,1.0,2,132000,21.568627450980394
NAmes,1Fam,6,11241,2,1.0,2,149000,13.255048483231029
Sawyer,Duplex,4,10791,2,2.0,2,90000,8.340283569641368
SawyerW,1Fam,5,13695,3,1.5,2,159000,11.610076670317634
NAmes,1Fam,5,7560,3,1.0,1,139000,18.386243386243386
NridgHt,1Fam,8,14215,4,3.5,3,325300,22.884277172001408
Other,1Fam,7,7449,3,1.0,1,139400,18.71392133172238
CollgCr,1Fam,8,9742,3,2.0,2,230000,23.609115171422705
Other,TwnhsE,5,4224,3,1.0,2,129900,30.75284090909091
Sawyer,1Fam,5,8246,3,1.0,1,154000,18.67572156196944
NridgHt,1Fam,8,14230,3,2.0,3,256300,18.011243851018975
NAmes,1Fam,5,7200,3,1.0,2,134800,18.72222222222222
NridgHt,1Fam,8,11478,3,2.0,3,306000,26.659696811291166
NAmes,1Fam,5,16321,2,1.0,1,207500,12.713681759696097
Other,1Fam,4,6324,1,1.0,1,68500,10.831752055660974
Other,1Fam,4,8500,3,1.0,1,40000,4.705882352941177
Sawyer,1Fam,5,8544,3,1.5,1,149350,17.480102996254683
CollgCr,1Fam,8,11049,3,2.0,2,179900,16.282016472078922
NAmes,1Fam,5,10552,4,1.5,2,165500,15.684230477634571
NridgHt,TwnhsE,9,7313,2,2.0,2,277500,37.94612334199371
NridgHt,1Fam,8,13418,4,3.5,3,309000,23.02876732747056
CollgCr,1Fam,5,10859,3,1.5,2,145000,13.352979095681002
NAmes,1Fam,5,8532,3,1.0,2,153000,17.932489451476794
NAmes,1Fam,5,7922,3,1.0,1,109000,13.759151729361273
Edwards,Duplex,4,6040,2,2.0,0,82000,13.57615894039735
NAmes,1Fam,6,8658,3,2.0,2,160000,18.48001848001848
Other,1Fam,5,16905,2,1.5,1,170000,10.056196391600118
SawyerW,1Fam,5,9180,2,1.0,2,144000,15.686274509803921
CollgCr,1Fam,5,9200,3,1.0,1,130250,14.157608695652174
NAmes,1Fam,5,7945,3,1.0,1,141000,17.74701069855255
NridgHt,TwnhsE,9,7658,2,2.0,2,319900,41.773308957952466
Other,1Fam,7,12822,1,1.5,2,239686,18.693339572609577
Somerst,1Fam,8,11096,3,2.0,3,249700,22.50360490266763
OldTown,2fmCon,4,4456,2,2.0,0,113000,25.359066427289047
Sawyer,1Fam,5,7742,3,1.0,1,127000,16.404029966416946
Gilbert,1Fam,6,13869,3,2.0,2,177000,12.762275578628596
Other,1Fam,6,6240,3,1.0,2,114500,18.349358974358974
Other,Duplex,5,8472,2,1.0,2,110000,12.983947119924457
NAmes,1Fam,5,7134,3,1.0,2,130000,18.22259601906364
NAmes,1Fam,6,10175,3,2.0,2,180500,17.73955773955774
CollgCr,1Fam,7,11645,3,2.5,2,196500,16.874194933447832
Other,1Fam,10,13682,3,3.5,3,438780,32.06987282561029
CollgCr,1Fam,5,7200,2,1.0,1,124900,17.34722222222222
SawyerW,1Fam,6,13072,3,1.5,2,158000,12.086903304773562
Other,1Fam,5,7200,3,1.0,1,101000,14.027777777777779
NridgHt,TwnhsE,8,6442,2,2.0,2,202500,31.434337162371936
OldTown,1Fam,7,10300,3,2.0,2,140000,13.592233009708737
CollgCr,1Fam,7,9375,3,2.5,2,219500,23.413333333333334
NridgHt,1Fam,8,9591,4,2.5,3,317000,33.05181941403399
NAmes,1Fam,7,19900,3,2.0,2,180000,9.045226130653266
CollgCr,1Fam,7,10665,3,2.0,2,226000,21.190811064228786
OldTown,1Fam,4,4608,2,1.0,1,80000,17.36111111111111
Other,1Fam,7,15593,3,2.0,2,225000,14.429551721926506
NAmes,1Fam,7,13651,3,2.0,2,244000,17.874148414035602
Other,1Fam,4,7599,2,1.0,2,129500,17.041716015265166
Gilbert,1Fam,7,10141,3,2.5,2,185000,18.242776846464846
NAmes,1Fam,5,10200,3,1.0,2,144900,14.205882352941176
OldTown,1Fam,3,5790,3,2.0,1,107400,18.54922279792746
Other,Twnhs,4,1596,2,1.0,1,91000,57.01754385964912
NAmes,1Fam,4,8475,2,1.0,1,135750,16.01769911504425
Other,1Fam,5,8635,2,1.0,1,127000,14.70758540822235
Sawyer,Duplex,4,10778,4,2.0,0,136500,12.664687326034516
OldTown,1Fam,5,10440,2,1.5,2,110000,10.53639846743295
NAmes,1Fam,6,13000,4,2.5,1,193500,14.884615384615385
Other,TwnhsE,6,4500,2,2.0,2,153500,34.111111111111114
Somerst,1Fam,8,10206,3,2.0,3,245000,24.005486968449933
NAmes,1Fam,5,8892,3,1.5,2,126500,14.226270805218174
Gilbert,1Fam,7,8530,3,2.5,2,168500,19.753810082063307
Other,1Fam,8,16059,4,2.5,2,260000,16.19029827511053
Gilbert,1Fam,6,11911,3,2.5,2,174000,14.608345227101
Somerst,TwnhsE,6,3951,2,2.5,2,164500,41.6350291065553
Other,1Fam,3,8470,2,1.0,0,85000,10.035419126328216
CollgCr,1Fam,4,8070,3,1.0,0,123600,15.315985130111525
NAmes,1Fam,4,7200,2,1.0,2,109900,15.26388888888889
NAmes,1Fam,5,8500,2,1.0,2,98600,11.6
Other,1Fam,5,13360,2,1.0,2,163500,12.238023952095809
OldTown,2fmCon,6,7200,4,2.0,2,133900,18.59722222222222
CollgCr,1Fam,6,9337,3,2.5,2,204750,21.92888508086109
Gilbert,1Fam,6,9765,3,2.5,2,185000,18.94521249359959
CollgCr,1Fam,7,10264,3,2.0,2,214000,20.849571317225255
Edwards,1Fam,4,10921,3,1.0,1,94750,8.675945426243018
Edwards,1Fam,5,10625,2,1.0,1,83000,7.811764705882353
NAmes,1Fam,4,9320,3,1.5,0,128950,13.835836909871245
NWAmes,1Fam,6,10603,3,2.0,2,205000,19.334150712062623
SawyerW,1Fam,6,9206,3,2.5,2,178000,19.335216163371715
SawyerW,Duplex,5,7018,4,2.0,2,118964,16.951268167569108
CollgCr,1Fam,7,10402,3,2.0,3,198900,19.12132282253413
Other,1Fam,7,7758,4,1.5,1,169500,21.848414539829854
Somerst,1Fam,8,9375,3,2.5,2,250000,26.666666666666668
OldTown,1Fam,4,10800,2,1.0,1,100000,9.25925925925926
OldTown,1Fam,5,6000,2,1.0,1,115000,19.166666666666668
Other,1Fam,5,8500,3,2.0,0,115000,13.529411764705882
NWAmes,1Fam,6,11751,3,2.0,2,190000,16.168836694749384
Edwards,1Fam,6,9525,4,2.0,1,136900,14.372703412073491
Gilbert,1Fam,7,7750,3,2.5,2,180000,23.225806451612904
CollgCr,1Fam,7,9965,4,2.5,3,383970,38.53186151530356
Other,1Fam,6,21000,3,2.0,2,217000,10.333333333333334
Somerst,TwnhsE,6,3230,2,2.5,2,176000,54.4891640866873
Sawyer,1Fam,5,11616,3,1.0,1,139000,11.96625344352617
Edwards,1Fam,5,8536,2,1.5,2,155000,18.15838800374883
SawyerW,1Fam,7,12376,5,3.0,3,320000,25.85649644473174
CollgCr,1Fam,6,8461,3,2.5,2,163990,19.381869755348067
Other,1Fam,6,21453,1,1.0,2,180000,8.3904349042092
Other,1Fam,4,6060,3,1.0,1,100000,16.501650165016503
NAmes,1Fam,6,9464,3,1.0,1,136000,14.370245139475909
SawyerW,TwnhsE,6,7892,2,2.0,2,153900,19.500760263558032
NWAmes,1Fam,6,17043,3,2.0,2,181000,10.62019597488705
Other,2fmCon,6,6780,2,1.0,0,84500,12.463126843657816
Other,TwnhsE,6,4928,2,2.0,2,128000,25.974025974025974
OldTown,1Fam,5,4388,3,1.0,0,87000,19.826800364630813
NAmes,1Fam,6,7590,3,1.5,2,155000,20.421607378129117
NAmes,1Fam,5,8973,3,1.5,2,150000,16.716817118020728
NAmes,1Fam,7,14200,4,2.5,2,226000,15.915492957746478
Gilbert,1Fam,6,12224,3,2.5,2,244000,19.960732984293195
NAmes,1Fam,5,7388,3,1.0,2,150750,20.404710341093665
Other,1Fam,8,6853,2,2.0,2,220000,32.102728731942214
Sawyer,1Fam,5,10335,3,2.5,2,180000,17.41654571843251
NWAmes,1Fam,7,10400,3,2.0,2,174000,16.73076923076923
NAmes,1Fam,5,10355,3,2.0,1,143000,13.80975374215355
Other,Duplex,7,11070,5,3.0,3,171000,15.447154471544716
CollgCr,1Fam,8,9066,3,2.5,3,230000,25.369512464151775
CollgCr,1Fam,6,15426,3,2.5,2,231500,15.007130818099313
NAmes,1Fam,4,10500,3,1.0,0,115000,10.952380952380953
CollgCr,1Fam,7,11645,3,2.0,2,260000,22.327179046801202
NAmes,1Fam,5,8520,4,2.0,2,166000,19.483568075117372
CollgCr,1Fam,7,10335,3,2.0,2,204000,19.738751814223512
Sawyer,Duplex,5,9100,6,2.0,2,125000,13.736263736263735
Other,1Fam,5,6120,2,1.0,1,105000,17.15686274509804
Gilbert,1Fam,7,9505,3,2.5,2,222500,23.40873224618622
SawyerW,1Fam,7,7500,3,1.0,0,141000,18.8
Other,1Fam,5,6240,3,1.0,1,115000,18.42948717948718
CollgCr,1Fam,5,10356,3,1.5,2,122000,11.780610274237157
NridgHt,1Fam,8,13891,2,2.0,3,372402,26.80886905190411
NWAmes,1Fam,6,14803,4,2.5,2,190000,12.83523610079038
Other,1Fam,6,13500,1,1.0,2,235000,17.40740740740741
OldTown,1Fam,6,11340,4,1.0,1,125000,11.022927689594356
Edwards,1Fam,6,9600,2,1.0,0,79000,8.229166666666666
NAmes,1Fam,5,7200,2,1.0,2,109500,15.208333333333334
Other,1Fam,8,12003,4,2.5,3,269500,22.452720153295008
Somerst,1Fam,7,12552,3,2.5,2,254900,20.307520713830467
Gilbert,1Fam,7,19378,4,2.5,2,320000,16.513572092063164
Other,1Fam,6,11120,3,2.0,2,162500,14.613309352517986
NridgHt,1Fam,9,13688,3,2.5,3,412500,30.135885447106954
NridgHt,1Fam,7,12182,3,2.0,2,220000,18.059431948776883
OldTown,1Fam,4,5500,1,1.0,0,103200,18.763636363636362
Edwards,2fmCon,5,10106,4,2.0,0,127500,12.616267563823472
Other,1Fam,5,10708,2,1.0,1,190000,17.743742995890923
NridgHt,1Fam,8,10562,3,1.5,3,325624,30.82976708956637
Gilbert,1Fam,7,8244,3,2.5,2,183500,22.25861232411451
Other,1Fam,8,16669,2,2.5,2,228000,13.678085068090468
OldTown,1Fam,5,12358,2,1.5,2,128500,10.398122673571775
Other,TwnhsE,7,5306,2,2.0,2,239000,45.0433471541651
NAmes,1Fam,6,10197,3,1.5,2,163000,15.985093654996568
Other,1Fam,6,12416,3,2.0,2,184000,14.81958762886598
Edwards,1Fam,6,12615,4,2.0,2,243000,19.2627824019025
Other,1Fam,6,10029,4,2.5,2,211000,21.038986937880146
Sawyer,1Fam,5,13650,4,2.0,2,172500,12.637362637362637
Other,1Fam,9,17423,1,2.0,3,501837,28.80313378867015
OldTown,1Fam,5,8520,2,1.0,2,100000,11.737089201877934
Other,1Fam,7,7588,4,1.5,1,200100,26.37058513442277
Edwards,1Fam,5,9060,3,1.0,1,120000,13.245033112582782
OldTown,1Fam,7,11426,3,2.5,2,200000,17.50393838613688
Other,1Fam,5,7438,3,1.0,2,127000,17.07448238773864
OldTown,1Fam,10,22950,4,2.5,3,475000,20.697167755991284
Other,1Fam,7,9947,3,2.0,2,173000,17.392178546295366
OldTown,1Fam,5,10410,3,2.5,1,135000,12.968299711815561
SawyerW,Duplex,5,7018,2,1.0,2,153337,21.849102308349956
Other,1Fam,8,10570,3,2.5,2,315000,29.801324503311257
CollgCr,1Fam,7,9017,3,2.0,2,192000,21.293113008761228
CollgCr,1Fam,5,7180,3,1.0,1,127000,17.688022284122564
Somerst,1Fam,7,9416,3,2.0,3,311872,33.12149532710281
NAmes,1Fam,8,25419,4,2.0,2,235000,9.245052913175185
OldTown,1Fam,6,5520,5,1.0,0,104000,18.840579710144926
NridgHt,1Fam,8,9591,3,2.0,3,274900,28.662287561255344
Edwards,1Fam,4,8546,2,2.0,2,140000,16.381933068102036
Other,1Fam,6,10125,3,2.0,2,171500,16.938271604938272
OldTown,1Fam,6,7000,2,2.0,1,112000,16.0
CollgCr,TwnhsE,6,4438,1,1.0,2,149000,33.57368183866607
Gilbert,1Fam,7,11851,3,2.0,2,180500,15.23078221247152
Sawyer,1Fam,5,13673,3,1.5,1,143900,10.52439113581511
NAmes,1Fam,4,12493,3,1.0,1,141000,11.286320339390059
SawyerW,1Fam,7,14364,3,2.5,2,277000,19.284321915900865
NAmes,1Fam,6,8250,3,1.0,2,145000,17.575757575757574
Edwards,1Fam,5,5604,2,1.0,0,98000,17.48750892219843
Edwards,1Fam,6,10420,3,2.0,2,186000,17.850287907869482
Somerst,1Fam,7,8640,3,2.5,2,252678,29.24513888888889
CollgCr,1Fam,5,13568,3,1.0,2,156000,11.497641509433961
CollgCr,1Fam,6,10900,3,1.5,1,161750,14.839449541284404
NAmes,1Fam,5,10011,2,1.0,1,134450,13.430226750574368
CollgCr,1Fam,7,8450,3,2.0,2,210000,24.85207100591716
OldTown,1Fam,4,9906,3,1.0,1,107000,10.801534423581668
Other,1Fam,7,15660,3,1.5,2,311500,19.891443167305237
Other,TwnhsE,7,3010,2,2.0,2,167240,55.561461794019934
CollgCr,1Fam,7,8990,2,2.0,2,204900,22.79199110122358
Gilbert,1Fam,6,8068,4,2.5,2,200000,24.789291026276647
NWAmes,1Fam,6,11475,3,2.5,2,179900,15.677559912854031
NAmes,1Fam,4,10500,2,1.0,2,97000,9.238095238095237
NridgHt,1Fam,10,13472,3,2.0,3,386250,28.670576009501186
Other,1Fam,7,9950,4,2.5,3,290000,29.14572864321608
Other,Twnhs,6,1869,2,1.5,1,106000,56.71482075976458
Sawyer,1Fam,5,8521,3,1.0,1,125000,14.669639713648634
Other,TwnhsE,7,3182,2,2.0,2,192500,60.49654305468259
NAmes,1Fam,6,8760,3,1.0,1,148000,16.894977168949772
Other,1Fam,8,15138,4,2.5,3,403000,26.621746597965384
Other,Twnhs,6,1680,2,1.5,1,94500,56.25
CollgCr,1Fam,5,10650,3,1.0,1,128200,12.03755868544601
Gilbert,1Fam,6,7851,4,2.5,2,216500,27.57610495478283
Other,TwnhsE,6,1680,2,1.5,1,89500,53.273809523809526
CollgCr,1Fam,7,8773,3,2.0,2,185500,21.14442038071355
SawyerW,1Fam,7,9453,3,2.5,2,194500,20.575478684015657
NridgHt,1Fam,8,12030,3,2.0,3,318000,26.433915211970074
Edwards,1Fam,6,8741,3,1.5,1,113000,12.927582656446631
Somerst,1Fam,8,9000,3,2.0,2,262500,29.166666666666668
OldTown,1Fam,5,5000,3,1.0,1,79000,15.8
SawyerW,TwnhsE,6,10762,3,1.5,1,120000,11.150343802267237
SawyerW,1Fam,7,8880,3,2.5,2,205000,23.085585585585587
OldTown,2fmCon,6,9142,4,2.0,1,137000,14.985779916867207
NAmes,1Fam,6,11310,2,1.0,2,140000,12.37842617152962
CollgCr,1Fam,7,11317,3,2.5,2,180000,15.90527524962446
Other,1Fam,3,5350,3,1.0,0,76500,14.299065420560748
Other,TwnhsE,8,4750,2,2.0,2,235000,49.473684210526315
SawyerW,1Fam,6,8366,3,2.5,2,173000,20.6789385608415
NAmes,1Fam,6,9350,3,2.0,1,158000,16.898395721925134
NAmes,1Fam,5,8400,3,1.0,1,145000,17.261904761904763
Gilbert,1Fam,7,8738,4,2.5,2,230000,26.321812771801326
Somerst,1Fam,6,8791,3,2.5,2,207500,23.603685587532706
CollgCr,1Fam,7,8814,3,2.5,2,220000,24.96029044701611
CollgCr,1Fam,7,12435,3,2.5,2,231500,18.616807398472055
OldTown,1Fam,5,12702,2,1.0,1,97000,7.6365926625728235
NAmes,1Fam,6,19296,3,1.0,2,176000,9.12106135986733
CollgCr,1Fam,8,9588,3,2.5,3,276000,28.785982478097623
Sawyer,1Fam,6,8471,3,1.0,2,151000,17.825522370440325
OldTown,1Fam,5,5500,3,1.0,2,130000,23.636363636363637
OldTown,1Fam,5,5232,2,1.0,2,73000,13.952599388379205
NWAmes,1Fam,6,12090,3,2.0,2,175500,14.516129032258064
Gilbert,1Fam,6,11207,3,2.5,2,185000,16.507539930400643
Other,1Fam,5,8400,4,2.5,1,179500,21.36904761904762
Other,1Fam,5,6900,2,1.0,1,120500,17.463768115942027
Edwards,1Fam,6,7917,3,1.5,1,148000,18.693949728432486
Somerst,1Fam,8,10728,3,2.5,3,266000,24.794929157345265
Other,1Fam,7,39104,2,1.0,2,241500,6.175838788870704
Other,1Fam,8,11764,4,2.5,3,290000,24.651479088745326
NAmes,1Fam,6,9600,3,2.0,1,139000,14.479166666666666
Other,1Fam,5,8314,2,1.0,1,124500,14.974741400048112
Other,1Fam,7,7264,3,2.5,2,205000,28.22136563876652
Other,1Fam,7,9196,3,2.0,2,201000,21.857329273597216
Gilbert,1Fam,4,19138,2,1.0,2,141000,7.367541017870206
NridgHt,1Fam,9,14450,3,2.5,3,415298,28.740346020761244
Other,1Fam,7,10005,4,2.5,2,192000,19.1904047976012
SawyerW,1Fam,7,11287,3,2.5,2,228500,20.24452910427926
Somerst,1Fam,6,7200,2,2.0,2,185000,25.694444444444443
NridgHt,Twnhs,7,5063,2,2.0,2,207500,40.98360655737705
Somerst,1Fam,8,9612,3,2.0,3,244600,25.44735746982938
SawyerW,TwnhsE,6,8012,2,2.0,2,179200,22.36645032451323
Somerst,TwnhsE,7,4251,2,2.5,2,164700,38.74382498235709
NAmes,1Fam,6,9786,3,1.5,2,159000,16.24770079705702
NAmes,1Fam,4,8125,3,1.0,0,88000,10.830769230769231
Sawyer,1Fam,5,9819,3,1.0,1,122000,12.424890518382727
Other,1Fam,6,8730,3,1.0,1,153575,17.59163802978236
CollgCr,1Fam,8,15611,3,2.5,2,233230,14.940106335276408
Other,2fmCon,5,5687,6,2.0,0,135900,23.896606295058906
Edwards,1Fam,5,11409,3,1.5,1,131000,11.482163204487685
NWAmes,1Fam,7,16659,3,2.5,2,235000,14.106488984933069
NAmes,1Fam,6,9600,3,1.0,2,167000,17.395833333333332
Other,1Fam,6,7937,3,1.0,2,142500,17.95388685901474
Other,1Fam,5,13710,4,1.5,1,152000,11.086797957695113
Somerst,1Fam,7,7399,3,2.5,2,239000,32.30166238680903
NWAmes,1Fam,6,11700,3,2.0,2,175000,14.957264957264957
Other,1Fam,6,14000,3,1.0,1,158500,11.321428571428571
Other,2fmCon,5,15750,2,1.0,1,157000,9.968253968253968
CollgCr,1Fam,8,16226,4,2.5,2,267000,16.45507210649575
CollgCr,1Fam,7,13704,3,2.0,3,205000,14.959136018680677
CollgCr,1Fam,5,9800,3,1.0,2,149900,15.295918367346939
OldTown,1Fam,7,18386,3,3.0,3,295000,16.04481670836506
SawyerW,1Fam,7,13474,4,2.5,3,225000,16.698827371233488
Other,1Fam,6,7920,3,1.0,0,89500,11.30050505050505
Edwards,1Fam,4,12342,1,1.0,2,82500,6.684491978609626
NridgHt,1Fam,9,12378,3,2.0,3,360000,29.0838584585555
Gilbert,1Fam,6,7685,3,2.5,2,165600,21.54847104749512
NAmes,1Fam,6,8000,2,1.0,1,132000,16.5
OldTown,2fmCon,5,7800,3,1.0,2,119900,15.371794871794872
Other,1Fam,7,215245,3,2.0,2,375000,1.7422007479848545
OldTown,1Fam,7,9600,3,1.5,2,178000,18.541666666666668
Gilbert,1Fam,7,7795,3,2.5,2,188500,24.18216805644644
NWAmes,1Fam,7,13005,4,2.5,2,260000,19.992310649750095
Somerst,1Fam,8,9000,3,2.5,3,270000,30.0
Other,1Fam,7,9900,4,2.5,3,260000,26.262626262626263
NWAmes,1Fam,7,14115,3,2.0,2,187500,13.28374070138151
NridgHt,1Fam,9,16259,4,3.5,3,342643,21.07405129466757
NridgHt,1Fam,8,12099,4,2.5,3,354000,29.258616414579716
OldTown,1Fam,3,5820,3,1.0,1,126175,21.67955326460481
NAmes,1Fam,7,11275,5,2.5,2,242000,21.463414634146343
Other,1Fam,5,5000,2,1.0,2,87000,17.4
Other,TwnhsE,8,10846,1,1.5,2,324000,29.87276415268302
NAmes,1Fam,6,11600,3,1.5,1,145250,12.52155172413793
Other,1Fam,6,11888,5,2.0,2,214500,18.043405114401075
Other,1Fam,5,6402,3,1.0,1,78000,12.18369259606373
NAmes,Duplex,5,10624,6,2.0,1,119000,11.20105421686747
NAmes,1Fam,5,8176,3,1.0,1,139000,17.000978473581213
NridgHt,1Fam,8,10655,3,2.0,3,284000,26.65415297982168
NridgHt,TwnhsE,7,8198,2,2.0,2,207000,25.250060990485483
Gilbert,1Fam,6,9042,3,2.5,2,192000,21.234240212342403
Other,2fmCon,5,164660,3,2.0,2,228950,1.3904409085388072
Other,1Fam,9,14157,3,2.0,3,377426,26.660026841845024
CollgCr,1Fam,7,9135,3,2.0,2,214000,23.4263820470717
NWAmes,1Fam,7,14145,3,2.0,2,202500,14.316012725344645
NAmes,1Fam,6,12400,3,1.0,1,155000,12.5
Other,1Fam,8,14191,4,2.5,2,202900,14.297794376717638
SawyerW,1Fam,4,8400,2,1.0,1,82000,9.761904761904763
NAmes,Duplex,3,8544,2,2.0,2,87500,10.241104868913858
NridgHt,TwnhsE,9,8849,2,2.0,2,266000,30.059893773307717
Other,TwnhsE,5,2592,3,1.5,1,85000,32.79320987654321
Other,1Fam,6,6435,3,1.0,1,140200,21.787101787101786
NAmes,1Fam,6,12772,2,1.0,1,151500,11.861885374256186
NAmes,1Fam,6,17600,3,2.0,2,157500,8.948863636363637
NridgHt,1Fam,9,20431,4,2.5,3,437154,21.39660320101806
NridgHt,TwnhsE,9,7820,2,2.0,2,318061,40.6727621483376
Other,1Fam,7,5271,2,1.5,2,190000,36.04629102637071
Edwards,1Fam,5,9084,3,1.0,1,95000,10.457948040510788
OldTown,1Fam,6,8520,2,1.0,2,105900,12.429577464788732
Other,1Fam,6,8400,2,1.0,1,140000,16.666666666666668
CollgCr,1Fam,6,11249,3,2.0,2,177500,15.779180371588586
Gilbert,1Fam,6,9248,3,2.0,2,173000,18.70674740484429
Other,TwnhsE,5,4224,3,1.5,2,134000,31.723484848484848
Other,1Fam,5,6930,3,1.0,1,130000,18.75901875901876
Other,1Fam,8,12011,3,2.5,2,280000,23.311964032969776
Other,1Fam,6,7540,2,1.0,2,156000,20.689655172413794
Other,1Fam,5,9144,3,1.0,1,145000,15.857392825896763
NWAmes,1Fam,6,18800,3,2.5,2,190000,10.106382978723405
Other,1Fam,5,10690,3,1.0,1,147000,13.751169317118803
NAmes,1Fam,6,9500,3,1.5,2,159000,16.736842105263158
NAmes,1Fam,6,9150,3,1.0,1,165000,18.0327868852459
NAmes,1Fam,5,7800,2,1.0,1,132000,16.923076923076923
NAmes,1Fam,5,9830,3,1.0,2,162000,16.480162767039676
Gilbert,1Fam,6,8121,3,2.5,2,172400,21.22891269548085
Other,1Fam,4,17120,4,2.0,2,134432,7.85233644859813
SawyerW,TwnhsE,6,7175,2,1.0,1,125000,17.421602787456447
NAmes,1Fam,5,10634,3,1.0,1,123000,11.56667293586609
CollgCr,1Fam,7,8200,4,2.5,2,219500,26.76829268292683
CollgCr,1Fam,5,8846,2,1.0,2,148000,16.730725751752203
Somerst,1Fam,8,11143,4,3.0,2,340000,30.512429327829132
Other,1Fam,9,11394,1,1.5,3,394432,34.617517991925574
Gilbert,1Fam,6,8123,3,2.5,2,179000,22.03619352455989
Other,1Fam,5,5000,3,2.0,1,127000,25.4
Somerst,1Fam,7,7200,2,2.0,2,187750,26.07638888888889
CollgCr,1Fam,7,9245,3,2.5,2,213500,23.093564088696592
SawyerW,1Fam,6,9000,2,1.0,2,76000,8.444444444444445
Other,1Fam,6,53107,3,2.5,2,240000,4.519178262752556
Other,TwnhsE,8,3182,2,2.0,2,192000,60.33940917661848
Edwards,1Fam,5,8410,5,1.0,0,81000,9.63139120095125
Edwards,1Fam,6,7200,3,1.0,1,125000,17.36111111111111
CollgCr,1Fam,7,9382,3,2.0,2,191000,20.358132594329568
NridgHt,1Fam,10,12474,3,2.5,3,426000,34.15103415103415
Edwards,1Fam,5,8405,4,1.0,1,119000,14.158239143367043
Other,1Fam,6,12209,3,2.5,2,215000,17.609959865672863
NAmes,1Fam,5,8339,3,1.0,1,106500,12.77131550545629
Other,1Fam,4,7446,2,1.0,0,100000,13.430029546065
OldTown,1Fam,5,10134,2,1.0,1,109000,10.755871324254983
Edwards,1Fam,5,9571,3,1.0,1,129000,13.4782154424825
CollgCr,1Fam,5,7200,2,1.0,2,123000,17.083333333333332
NAmes,1Fam,5,7590,4,2.0,1,169500,22.33201581027668
Other,1Fam,5,8967,2,1.0,1,67000,7.471841195494592
Somerst,1Fam,7,8125,2,2.0,2,241000,29.661538461538463
Other,TwnhsE,8,14963,1,1.5,2,245500,16.407137606095034
CollgCr,1Fam,7,8767,3,2.0,2,164990,18.81943652332611
Sawyer,1Fam,5,10200,2,1.0,1,108000,10.588235294117647
Other,1Fam,8,12090,4,2.5,2,258000,21.33995037220844
Gilbert,1Fam,6,10364,3,2.5,2,168000,16.209957545349287
Sawyer,1Fam,4,9991,3,2.0,2,150000,15.01351216094485
Other,1Fam,6,10480,3,1.0,1,115000,10.973282442748092
Other,1Fam,6,15576,4,2.0,1,177000,11.363636363636363
NridgHt,1Fam,7,14154,3,2.5,3,280000,19.782393669634025
Somerst,1Fam,8,10800,3,2.5,3,339750,31.458333333333332
Edwards,1Fam,5,9571,3,1.0,1,60000,6.268937415108139
Somerst,1Fam,7,4403,2,2.5,2,222000,50.42016806722689
OldTown,1Fam,5,8960,2,1.0,2,115000,12.834821428571429
SawyerW,1Fam,7,11228,3,2.5,3,228000,20.30637691485572
Gilbert,1Fam,7,8899,3,2.0,2,181134,20.35442184515114
Sawyer,1Fam,6,7844,3,1.5,2,149500,19.05915349311576
Other,1Fam,6,22420,4,2.5,3,239000,10.660124888492417
Edwards,1Fam,5,8160,3,1.5,1,126000,15.441176470588236
NAmes,1Fam,5,8450,3,1.0,1,142000,16.80473372781065
Other,Duplex,7,7060,2,2.0,4,206300,29.22096317280453
NWAmes,1Fam,6,16635,3,2.0,2,215000,12.924556657649534
Other,1Fam,5,21750,2,1.0,2,113000,5.195402298850575
Other,1Fam,8,9200,4,2.5,3,315000,34.23913043478261
NAmes,1Fam,6,9000,2,1.0,1,139000,15.444444444444445
SawyerW,1Fam,7,12800,2,2.0,2,275000,21.484375
NAmes,1Fam,4,8593,3,1.0,1,109008,12.685674386128245
CollgCr,1Fam,7,6762,2,2.0,2,195400,28.896776101745047
Other,1Fam,6,11457,3,2.0,2,175000,15.274504669634284
Other,Twnhs,6,1680,2,1.5,1,85400,50.833333333333336
OldTown,1Fam,6,5586,4,1.0,0,79900,14.303616183315432
Other,TwnhsE,5,1920,2,1.5,2,122500,63.802083333333336
Gilbert,1Fam,6,10839,3,2.5,2,181000,16.698957468401144
Other,Twnhs,4,1890,1,1.0,0,81000,42.857142857142854
CollgCr,1Fam,7,10667,3,2.5,2,212000,19.874378925658572
OldTown,1Fam,6,4400,2,1.0,2,116000,26.363636363636363
Other,1Fam,6,6000,2,1.0,1,119000,19.833333333333332
Other,1Fam,5,4280,2,1.0,1,90350,21.10981308411215
Edwards,1Fam,6,12354,3,1.0,2,110000,8.903998704872915
NridgHt,1Fam,10,15431,2,2.0,3,555000,35.96656081913032
Edwards,Duplex,4,12108,4,2.0,0,118000,9.745622728774364
Other,1Fam,5,6240,3,2.0,2,162900,26.10576923076923
Other,TwnhsE,7,3922,2,2.0,3,172500,43.982661907190206
CollgCr,1Fam,7,8750,4,2.5,2,210000,24.0
Edwards,1Fam,6,9855,3,1.0,2,127500,12.937595129375952
NAmes,1Fam,6,16492,2,2.5,2,190000,11.52073732718894
Gilbert,1Fam,7,11214,4,2.5,2,199900,17.825931870875692
Other,1Fam,6,8600,3,2.0,1,119500,13.895348837209303
OldTown,1Fam,3,6000,2,1.5,1,120000,20.0
OldTown,1Fam,6,5684,2,1.0,1,110000,19.35256861365236
Other,1Fam,7,70761,2,2.0,2,280000,3.956981953335877
Other,1Fam,6,9303,3,2.5,2,204000,21.928410190261207
Somerst,1Fam,8,9000,3,2.5,2,210000,23.333333333333332
Other,Duplex,5,9297,4,2.0,2,188000,20.2215768527482
NWAmes,1Fam,7,9600,3,1.5,2,175500,18.28125
OldTown,1Fam,5,4571,4,1.0,3,98000,21.43950995405819
Other,1Fam,4,53227,2,1.0,2,256000,4.80958911830462
Other,1Fam,5,7015,3,1.0,1,110000,15.680684248039915
Somerst,1Fam,8,8004,3,2.5,2,263435,32.912918540729635
Other,1Fam,7,7200,3,1.0,2,155000,21.52777777777778
Sawyer,1Fam,5,8281,3,1.0,1,62383,7.5332689288733246
Other,1Fam,6,11988,3,1.5,1,188700,15.74074074074074
CollgCr,1Fam,5,8430,3,2.0,0,124000,14.709371293001187
Other,TwnhsE,7,3072,2,2.0,2,178740,58.18359375
NAmes,1Fam,7,10628,2,1.0,2,167000,15.71321038765525
NAmes,1Fam,5,9480,3,1.5,1,146500,15.453586497890296
NridgHt,1Fam,8,11428,3,2.0,3,250000,21.876093804690235
SawyerW,1Fam,6,9291,3,2.5,2,187000,20.127004628134753
Other,TwnhsE,8,6820,1,1.5,2,212000,31.085043988269796
NWAmes,1Fam,7,11952,3,2.5,2,190000,15.896921017402946
NridgHt,1Fam,8,14977,2,2.0,3,440000,29.378380182947186
Other,TwnhsE,8,5330,2,2.0,2,251000,47.091932457786115
Sawyer,1Fam,5,8480,2,1.0,2,132500,15.625
CollgCr,1Fam,6,13125,3,2.0,2,208900,15.916190476190476
NridgHt,1Fam,9,13693,3,2.5,3,380000,27.751405827795224
CollgCr,1Fam,8,10637,3,2.0,3,297000,27.921406411582215
OldTown,1Fam,4,5925,2,1.0,2,89471,15.100590717299578
NridgHt,1Fam,9,16033,3,2.0,3,326000,20.333063057444022
NridgHt,1Fam,9,11846,2,2.0,3,374000,31.57183859530643
Other,Twnhs,6,4500,2,2.0,2,164000,36.44444444444444
Sawyer,1Fam,5,7758,3,1.0,1,132500,17.079144109306522
NAmes,1Fam,5,9600,3,1.0,1,147000,15.3125
NAmes,1Fam,5,10289,3,1.5,2,156000,15.161823306443775
NWAmes,1Fam,5,12243,3,2.0,2,175000,14.29388221841052
OldTown,2fmCon,5,10800,3,2.0,2,160000,14.814814814814815
Other,Twnhs,4,1526,1,1.0,1,86000,56.3564875491481
NAmes,1Fam,6,9490,3,1.0,1,133000,14.014752370916755
Gilbert,1Fam,6,15578,3,2.5,2,172785,11.091603543458724
NAmes,1Fam,5,7931,3,1.5,1,155000,19.54356323288362
OldTown,1Fam,5,5784,2,1.0,1,91300,15.784923928077456
Other,1Fam,4,7879,2,1.0,0,34900,4.429496128950374
Other,1Fam,8,12692,4,3.0,2,430000,33.87960920264734
Other,1Fam,7,9120,4,2.0,1,184000,20.17543859649123
Sawyer,1Fam,5,7800,3,1.0,1,130000,16.666666666666668
NAmes,1Fam,5,7535,2,1.0,1,120000,15.925680159256801
Somerst,1Fam,7,9803,3,2.5,2,226700,23.12557380393757
Edwards,1Fam,5,9170,2,1.0,2,140000,15.267175572519085
Other,1Fam,7,15602,1,2.0,2,289000,18.523266247916933
OldTown,Duplex,5,7596,4,2.0,2,124500,16.390205371248026
SawyerW,1Fam,8,9554,3,2.5,2,215000,22.50366338706301
Somerst,1Fam,6,7862,2,2.0,2,208300,26.494530653777666
OldTown,1Fam,7,9600,3,2.0,2,161000,16.770833333333332
NAmes,1Fam,5,9600,3,1.0,1,124500,12.96875
NAmes,1Fam,5,14559,2,1.0,1,164900,11.32632735764819
NridgHt,TwnhsE,7,6792,2,2.0,2,202665,29.838780918727917
NAmes,1Fam,5,9100,3,1.0,2,129900,14.274725274725276
Other,1Fam,6,9187,3,1.5,2,134000,14.585827800152389
Other,1Fam,5,10594,2,1.0,1,96500,9.108929582782707
NridgHt,1Fam,10,12220,3,2.5,3,402861,32.96734860883797
NWAmes,1Fam,6,10448,3,2.5,2,158000,15.122511485451762
Other,1Fam,7,10208,3,2.5,3,265000,25.96003134796238
CollgCr,1Fam,6,9531,3,2.5,2,211000,22.138285594376246
Other,1Fam,7,10918,3,1.5,1,234000,21.432496794284667
OldTown,2fmCon,4,10800,3,2.0,0,106250,9.837962962962964
NAmes,1Fam,6,11988,3,1.5,1,150000,12.512512512512513
Other,1Fam,6,5000,3,2.0,2,159000,31.8
Edwards,1Fam,10,40094,3,3.5,3,184750,4.607921384745847
Other,1Fam,7,11787,3,2.5,3,315750,26.787986765080174
Somerst,1Fam,7,7500,3,2.0,2,176000,23.466666666666665
NAmes,1Fam,5,13300,2,1.0,1,132000,9.924812030075188
NridgHt,1Fam,9,14948,3,2.5,3,446261,29.854227990366603
Edwards,1Fam,4,9098,2,1.0,0,86000,9.452626950978237
Other,1Fam,6,32668,4,3.0,2,200624,6.141300355087547
Other,1Fam,6,10200,3,2.0,2,175000,17.15686274509804
Other,1Fam,6,6155,3,2.0,2,128000,20.796100731112915
NAmes,1Fam,5,7200,2,1.0,1,107500,14.930555555555555
Other,1Fam,1,5000,1,1.0,0,39300,7.86
Gilbert,1Fam,8,9056,3,2.5,2,178000,19.65547703180212
Edwards,2fmCon,5,7000,3,1.0,0,107500,15.357142857142858
CollgCr,1Fam,7,8924,3,2.5,2,188000,21.066786194531602
Sawyer,1Fam,5,11553,3,1.5,1,158000,13.676101445511987
CollgCr,1Fam,8,11423,3,2.0,2,272000,23.811608158977503
Other,1Fam,9,14601,2,2.0,3,315000,21.573864803780562
Other,1Fam,8,11000,4,2.5,3,248000,22.545454545454547
NWAmes,1Fam,7,10140,3,2.0,2,213250,21.030571992110453
NAmes,TwnhsE,7,4058,1,1.0,1,133000,32.774765894529324
Gilbert,1Fam,7,17104,3,2.5,2,179665,10.50426800748363
NWAmes,1Fam,7,13837,4,2.5,3,229000,16.549830165498303
Other,1Fam,6,8737,3,1.5,2,210000,24.03571019800847
Other,1Fam,5,7244,2,1.0,2,129500,17.876863611264493
OldTown,1Fam,5,8235,2,1.0,2,125000,15.179113539769277
Somerst,1Fam,7,9375,4,2.5,2,263000,28.053333333333335
Other,TwnhsE,6,4043,2,2.0,2,140000,34.62775166955231
OldTown,1Fam,5,6000,3,1.0,1,112500,18.75
NridgHt,1Fam,8,11146,3,2.0,3,255500,22.92302171182487
Edwards,1Fam,4,8777,2,2.0,2,108000,12.304887774866128
NridgHt,1Fam,7,10625,3,2.5,3,284000,26.729411764705883
Other,1Fam,5,6380,2,1.0,1,113000,17.711598746081506
NAmes,1Fam,5,14850,2,1.0,1,141000,9.494949494949495
Other,1Fam,4,11040,3,1.5,1,108000,9.782608695652174
Sawyer,1Fam,5,11341,3,1.5,2,121500,10.713340975222643
Other,1Fam,5,10010,2,1.0,2,170000,16.983016983016984
Edwards,1Fam,5,13907,3,1.0,0,108000,7.7658733012152155
Edwards,1Fam,6,21780,4,2.0,2,185000,8.494031221303949
Other,1Fam,7,13346,4,2.5,2,268000,20.08092312303312
Other,1Fam,6,6858,4,1.5,1,128000,18.664333624963547
Other,1Fam,9,11198,4,2.5,3,325000,29.02303982854081
NridgHt,1Fam,7,10171,3,2.0,2,214000,21.040212368498672
SawyerW,1Fam,8,12327,1,1.5,2,316600,25.683459073578323
NAmes,Duplex,5,7032,2,1.0,2,135960,19.33447098976109
NAmes,Duplex,5,13101,6,2.0,2,142600,10.884665292725746
NAmes,1Fam,6,7332,2,1.0,1,120000,16.366612111292962
Other,1Fam,7,13159,3,2.5,2,224500,17.06056691237936
Gilbert,1Fam,7,9967,3,2.5,2,170000,17.05628574295174
NAmes,1Fam,5,10500,3,1.0,1,139000,13.238095238095237
NAmes,1Fam,5,8480,2,1.0,1,118500,13.974056603773585
Other,1Fam,7,6292,3,2.0,1,145000,23.045136681500317
Sawyer,1Fam,5,11777,3,1.0,2,164500,13.967903540799863
Somerst,TwnhsE,7,3604,2,2.0,2,146000,40.51054384017758
OldTown,1Fam,5,12150,4,2.0,1,131500,10.823045267489713
NAmes,1Fam,6,14585,3,1.0,2,181900,12.471717517997943
NridgHt,1Fam,8,12704,3,2.5,3,253293,19.938051007556677
Edwards,Duplex,6,11841,3,1.0,0,118500,10.007600709399544
Other,1Fam,4,6120,3,1.0,1,133000,21.73202614379085
Other,1Fam,8,11443,2,2.0,3,369900,32.32543913309447
Other,1Fam,6,10267,2,1.0,1,130000,12.661926560825947
Sawyer,1Fam,5,8740,2,1.0,2,137000,15.675057208237986
Other,1Fam,5,25095,1,1.0,1,143000,5.698346284120342
Other,1Fam,5,9100,2,1.0,1,79500,8.736263736263735
CollgCr,1Fam,7,8320,3,2.5,2,185900,22.34375
NridgHt,1Fam,10,13478,3,2.5,3,451950,33.532423208191126
Other,1Fam,5,6600,2,1.0,2,138000,20.90909090909091
CollgCr,TwnhsE,6,4435,1,1.0,2,140000,31.567080045095828
CollgCr,1Fam,5,7990,3,1.0,1,110000,13.76720901126408
Other,1Fam,8,11302,3,2.0,3,319000,28.225092903910813
Other,TwnhsE,7,3922,2,1.0,3,194201,49.51580826109128
Other,1Fam,5,12984,3,2.0,2,217500,16.75138632162662
NridgHt,1Fam,8,10927,3,2.5,2,275000,25.167017479637597
Other,1Fam,6,9000,3,1.5,1,141000,15.666666666666666
SawyerW,1Fam,8,10041,3,2.5,2,220000,21.91016830992929
Somerst,TwnhsE,7,3182,2,2.5,2,151000,47.45443117536141
CollgCr,1Fam,7,12803,3,2.0,2,221000,17.261579317347497
NAmes,1Fam,7,13600,3,2.5,2,205000,15.073529411764707
CollgCr,1Fam,5,12464,3,1.0,2,152000,12.195121951219512
Other,1Fam,8,12168,4,2.5,2,359100,29.511834319526628
Sawyer,1Fam,4,7943,3,1.0,1,118500,14.91879642452474
CollgCr,1Fam,9,11050,3,2.5,3,313000,28.32579185520362
NWAmes,1Fam,6,10395,3,2.0,2,148000,14.237614237614238
CollgCr,1Fam,8,11885,3,2.5,2,261500,22.002524190155658
Other,1Fam,5,8402,3,1.0,0,147000,17.495834325160676
Other,TwnhsE,4,1491,1,1.0,0,75500,50.63715627095909
NAmes,1Fam,6,8800,3,1.0,2,137500,15.625
Gilbert,1Fam,6,7861,3,2.5,2,183200,23.304923037781453
NAmes,1Fam,6,7227,2,1.0,2,105500,14.59803514598035
NridgHt,1Fam,9,11694,3,2.0,3,314813,26.92089960663588
Other,1Fam,8,12244,4,2.5,3,305000,24.91016007840575
Edwards,1Fam,3,8248,2,1.0,0,67000,8.123181377303588
NWAmes,1Fam,6,10800,4,2.5,2,240000,22.22222222222222
Sawyer,1Fam,5,7064,3,1.0,2,135000,19.110985277463193
NWAmes,1Fam,6,10400,4,2.0,2,165150,15.879807692307692
NAmes,1Fam,6,10000,3,1.5,2,160000,16.0
NAmes,1Fam,5,12342,3,1.0,1,139900,11.33527791281802
NAmes,1Fam,6,9600,3,1.0,1,153000,15.9375
NAmes,1Fam,5,11606,5,2.0,2,135000,11.63191452696881
NAmes,1Fam,6,9020,3,1.5,2,168500,18.68070953436807
OldTown,1Fam,5,9000,3,1.0,1,124000,13.777777777777779
NridgHt,Twnhs,8,4590,2,2.0,2,209500,45.64270152505446
NAmes,1Fam,5,9250,3,1.0,1,139400,15.07027027027027
Other,2fmCon,6,10896,8,2.0,0,200000,18.355359765051396
Other,1Fam,2,6120,1,1.0,0,60000,9.803921568627452
OldTown,2fmCon,5,6000,3,2.0,1,93000,15.5
Edwards,1Fam,5,8777,2,1.0,0,85000,9.684402415403897
Other,TwnhsE,8,3982,1,2.0,3,264561,66.43922651933701
NridgHt,TwnhsE,8,12677,1,1.5,2,274000,21.613946517314822
Somerst,1Fam,7,7050,3,2.5,2,226000,32.05673758865248
NWAmes,1Fam,5,10793,4,2.5,2,152000,14.083202075419253
Somerst,1Fam,9,9187,2,2.5,3,370878,40.369870469141176
NAmes,1Fam,6,10530,3,1.5,2,143250,13.603988603988604
NAmes,1Fam,5,7200,3,1.0,2,98300,13.652777777777779
Edwards,1Fam,6,10452,3,1.0,2,155000,14.82969766551856
NAmes,1Fam,6,7700,4,1.5,2,155000,20.12987012987013
Other,Twnhs,4,1936,1,1.0,0,84500,43.646694214876035
Somerst,1Fam,7,8125,3,2.5,2,205950,25.34769230769231
Edwards,1Fam,4,9084,4,1.0,1,108000,11.889035667107
CollgCr,1Fam,7,8750,2,2.5,2,191000,21.82857142857143
Other,1Fam,6,10320,3,1.0,1,135000,13.081395348837209
Other,1Fam,8,10437,2,2.5,3,350000,33.5345405767941
NAmes,1Fam,5,10007,3,1.5,1,145500,14.539822124512842
Other,1Fam,7,7200,3,1.5,1,149000,20.694444444444443
Edwards,1Fam,5,9937,3,1.0,2,167000,16.805877025259132
NWAmes,1Fam,7,12384,3,2.5,2,197900,15.980297157622738
Other,1Fam,8,46589,4,2.5,3,402000,8.628646246968168
NAmes,1Fam,6,13560,2,1.0,2,110000,8.112094395280236
Edwards,1Fam,4,10012,3,2.0,2,137500,13.733519776268478
Somerst,1Fam,8,20896,1,1.5,3,423000,20.243108728943337
Gilbert,1Fam,8,11194,3,2.5,2,230500,20.59138824370198
SawyerW,1Fam,6,8125,3,2.0,2,193500,23.815384615384616
Sawyer,1Fam,5,14175,3,1.5,2,168000,11.851851851851851
Other,1Fam,4,11600,2,1.0,1,137500,11.85344827586207
CollgCr,1Fam,6,8633,3,2.5,2,173500,20.097301054094753
Edwards,1Fam,6,6629,3,2.0,1,103600,15.62829989440338
Other,1Fam,6,11250,3,1.5,2,165000,14.666666666666666
Other,1Fam,6,14442,3,2.0,2,257500,17.829940451461017
NAmes,1Fam,6,9200,3,1.0,1,140000,15.217391304347826
OldTown,1Fam,4,9600,4,2.0,3,87000,9.0625
OldTown,1Fam,5,9022,2,1.0,1,109500,12.136998448237641
Other,1Fam,8,11844,3,2.5,3,372500,31.450523471800068
Sawyer,1Fam,5,9945,3,1.0,2,128500,12.921065862242333
SawyerW,TwnhsE,6,8012,2,2.0,1,143000,17.848227658512233
Other,1Fam,6,2887,2,1.0,2,173000,59.923796328368546
CollgCr,1Fam,9,11248,3,2.0,3,285000,25.33783783783784
Other,1Fam,7,16770,4,2.5,2,221000,13.178294573643411
Somerst,1Fam,7,10207,3,3.0,2,227875,22.32536494562555
Somerst,TwnhsE,7,5105,2,2.5,2,148800,29.147894221351617
Other,1Fam,8,8089,2,2.0,2,392000,48.460872790208924
NridgHt,TwnhsE,6,7577,2,2.0,2,194700,25.696185825524616
CollgCr,TwnhsE,6,4426,1,1.0,2,141000,31.857207410754633
Other,1Fam,10,21535,4,3.5,3,755000,35.0592059438124
Other,1Fam,7,26178,4,2.5,2,335000,12.797005118802048
OldTown,1Fam,5,5400,2,1.0,1,108480,20.08888888888889
Other,1Fam,5,6120,3,1.5,2,141500,23.12091503267974
Other,1Fam,6,13811,2,2.0,2,176000,12.74346535370357
Other,1Fam,5,6000,2,1.0,1,89000,14.833333333333334
Edwards,1Fam,5,6420,2,1.0,1,123500,19.23676012461059
Sawyer,1Fam,5,8450,3,1.0,1,138500,16.390532544378697
Somerst,TwnhsE,7,4282,2,2.0,2,196000,45.77300326950024
Other,1Fam,8,14331,3,2.0,3,312500,21.805875375061056
NWAmes,1Fam,7,9600,3,1.5,2,140000,14.583333333333334
Other,1Fam,8,12438,4,2.5,3,361919,29.097845312751247
OldTown,2fmCon,5,7630,4,2.0,2,140000,18.34862385321101
CollgCr,1Fam,7,8400,3,2.0,2,213000,25.357142857142858
Other,2fmCon,4,5600,3,2.0,0,55000,9.821428571428571
Other,1Fam,7,115149,2,2.0,2,302000,2.6226888639936083
NridgHt,TwnhsE,8,6240,2,2.0,2,254000,40.705128205128204
Gilbert,1Fam,7,9018,3,2.5,2,179540,19.9090707473941
Sawyer,1Fam,5,7162,3,1.0,1,109900,15.344875733035465
Other,1Fam,3,4130,2,1.0,0,52000,12.590799031476998
Other,1Fam,4,8712,2,1.0,1,102776,11.797061524334252
Other,TwnhsE,8,4671,2,2.0,2,189000,40.46242774566474
Other,2fmCon,4,9873,3,1.0,2,129000,13.06593740504406
Sawyer,1Fam,6,13517,3,2.5,2,130500,9.654509136642746
NWAmes,1Fam,6,10140,3,2.0,2,165000,16.272189349112427
OldTown,1Fam,7,10800,3,1.5,2,159500,14.768518518518519
NWAmes,1Fam,5,10000,3,1.5,2,157000,15.7
Other,1Fam,7,10542,3,2.5,3,341000,32.34680326313792
CollgCr,1Fam,5,9920,3,1.5,1,128500,12.953629032258064
Other,1Fam,8,6563,2,2.0,2,275000,41.901569404235865
CollgCr,TwnhsE,6,4426,1,1.0,2,143000,32.309082693176684
NAmes,1Fam,4,8120,3,1.0,2,124500,15.332512315270936
Edwards,1Fam,4,8172,4,2.0,1,135000,16.519823788546255
NAmes,1Fam,4,6960,3,1.0,2,120500,17.313218390804597
Other,1Fam,6,21695,3,2.0,2,222000,10.232772528232312
CollgCr,1Fam,7,7314,2,2.0,2,194500,26.592835657642876
NAmes,Duplex,5,11475,4,2.0,3,110000,9.586056644880175
Other,1Fam,4,6240,2,1.0,2,103000,16.506410256410255
Other,TwnhsE,8,5389,2,2.0,2,236500,43.885693078493226
Other,1Fam,7,9590,3,2.0,2,187500,19.551616266944734
CollgCr,1Fam,7,11404,3,2.5,2,222500,19.51069800070151
Sawyer,1Fam,5,10000,3,1.0,1,131400,13.14
Sawyer,1Fam,5,8978,3,1.0,1,108000,12.029405212742258
OldTown,1Fam,7,10800,2,1.5,2,163000,15.092592592592593
NAmes,Duplex,3,8544,2,2.0,2,93500,10.943352059925093
Gilbert,1Fam,8,10463,3,2.5,3,239900,22.928414412692344
Edwards,Duplex,5,10800,3,3.0,0,179000,16.574074074074073
CollgCr,1Fam,7,9313,3,2.5,2,190000,20.401589176420057
OldTown,1Fam,5,9600,2,2.0,2,132000,13.75
Sawyer,1Fam,6,6768,3,1.0,1,142000,20.98108747044917
SawyerW,1Fam,7,8450,3,2.0,2,179000,21.183431952662723
Sawyer,1Fam,5,12886,3,2.0,2,175000,13.580630141238553
Other,TwnhsE,8,5395,2,2.0,2,180000,33.364226135310474
Gilbert,1Fam,7,8795,4,2.5,2,236000,26.833428084138717
OldTown,1Fam,7,11700,4,1.5,4,265979,22.733247863247865
Other,1Fam,7,10593,3,2.0,2,260400,24.582271311243275
Edwards,1Fam,4,8405,4,2.0,1,98000,11.659726353361094
OldTown,1Fam,4,8800,3,1.0,0,96500,10.965909090909092
Gilbert,1Fam,7,7750,3,2.5,2,162000,20.903225806451612
CollgCr,1Fam,6,9236,3,2.0,2,217000,23.49501948895626
NridgHt,1Fam,8,10240,3,2.5,3,275500,26.904296875
NAmes,1Fam,6,7930,3,1.0,2,156000,19.672131147540984
CollgCr,1Fam,8,10769,3,2.5,2,212000,19.68613613148853
Sawyer,1Fam,6,11616,3,2.5,2,158900,13.679407713498623
Other,1Fam,8,12257,4,2.5,3,290000,23.659949416659867
NAmes,1Fam,6,9100,2,1.0,1,127500,14.010989010989011
Other,1Fam,5,6911,2,1.0,2,100000,14.46968600781363
Somerst,1Fam,7,8640,3,2.5,2,215200,24.90740740740741
Other,TwnhsE,8,9549,2,1.5,2,270000,28.275212064090482
Somerst,1Fam,9,14587,2,2.0,2,264132,18.107355864811133
NWAmes,1Fam,7,10421,3,2.5,2,196500,18.856155839170906
Other,1Fam,6,12508,4,2.0,1,160000,12.791813239526704
CollgCr,1Fam,7,9100,3,2.0,2,216837,23.82824175824176
Other,1Fam,8,53504,4,3.5,3,538000,10.055322966507177
Sawyer,1Fam,5,7252,2,1.0,2,134900,18.60176503033646
Edwards,1Fam,4,8877,2,1.0,2,102000,11.490368367691788
Edwards,1Fam,6,7819,3,1.0,2,107000,13.68461440081852
NAmes,1Fam,5,10150,2,1.0,1,114500,11.280788177339902
NridgHt,1Fam,8,14226,3,2.0,3,395000,27.76606213974413
Other,TwnhsE,6,4500,2,2.0,2,162000,36.0
CollgCr,1Fam,7,11210,3,2.0,3,221500,19.75914362176628
Sawyer,1Fam,5,13350,3,1.0,2,142500,10.674157303370787
SawyerW,Duplex,5,8400,4,2.0,2,144000,17.142857142857142
Other,Duplex,6,10530,2,1.0,2,135000,12.820512820512821
Gilbert,1Fam,7,7875,3,2.0,2,176000,22.349206349206348
SawyerW,1Fam,6,7153,3,2.5,2,175900,24.591080665455053
CollgCr,1Fam,7,16285,3,2.0,2,187100,11.489100399140312
Other,1Fam,5,9101,1,1.0,2,165500,18.184814855510382
OldTown,1Fam,6,6300,3,2.0,0,128000,20.317460317460316
NWAmes,1Fam,6,9790,3,2.0,2,161500,16.496424923391217
OldTown,1Fam,5,10800,4,2.0,1,139000,12.87037037037037
OldTown,1Fam,4,6000,2,1.0,1,107900,17.983333333333334
Other,1Fam,6,12205,5,2.5,2,187500,15.362556329373207
Other,TwnhsE,7,3182,2,2.0,2,160200,50.345694531741046
Other,1Fam,6,11333,3,1.0,2,146800,12.953322156534016
Other,1Fam,7,9920,3,2.5,2,269790,27.19657258064516
Somerst,1Fam,8,9158,3,2.0,2,225000,24.568683118584843
Gilbert,1Fam,7,10832,3,2.5,2,194500,17.956056129985228
SawyerW,1Fam,6,8400,3,2.5,2,171000,20.357142857142858
Sawyer,1Fam,6,8197,3,1.5,2,143500,17.506404782237404
NAmes,1Fam,5,7677,2,1.0,1,110000,14.32851374234727
NridgHt,1Fam,9,13518,4,3.5,3,485000,35.87808847462642
Other,1Fam,5,7200,3,1.5,1,175000,24.305555555555557
Other,1Fam,6,12798,4,2.5,2,200000,15.62744178777934
Other,1Fam,4,4800,2,1.0,2,109900,22.895833333333332
CollgCr,1Fam,7,8199,3,2.5,2,189000,23.05159165751921
NridgHt,1Fam,9,13891,4,3.5,3,582933,41.96479735080268
NAmes,1Fam,5,9000,2,1.0,1,118000,13.11111111111111
Somerst,1Fam,7,12274,3,2.0,2,227680,18.54978002281245
NAmes,1Fam,5,9750,3,2.0,1,135500,13.897435897435898
Other,1Fam,5,21384,3,1.5,2,223500,10.451739618406284
NAmes,1Fam,5,13400,3,1.0,2,159950,11.936567164179104
OldTown,1Fam,5,8100,2,2.0,2,106000,13.08641975308642
NWAmes,1Fam,6,10140,3,1.5,2,181000,17.850098619329387
CollgCr,TwnhsE,6,4438,1,1.0,2,144500,32.5597115817936
Other,1Fam,5,8712,2,1.0,2,55993,6.427112029384757
NAmes,1Fam,6,9750,4,1.5,1,157900,16.194871794871794
Edwards,1Fam,5,8248,3,1.5,1,116000,14.064015518913676
CollgCr,1Fam,7,12137,3,2.0,2,224900,18.530114525830108
NAmes,1Fam,5,11425,2,1.0,1,137000,11.99124726477024
Other,1Fam,8,13265,3,2.0,3,271000,20.429702223897475
Other,1Fam,6,8816,3,1.0,2,155000,17.581669691470054
NridgHt,TwnhsE,7,6371,2,2.0,2,224000,35.15931564903469
CollgCr,1Fam,7,7226,3,2.5,2,183000,25.325214503182952
OldTown,2fmCon,4,6000,2,1.0,2,93000,15.5
Gilbert,1Fam,7,12394,3,2.5,2,225000,18.153945457479427
Other,1Fam,6,9900,3,2.0,1,139500,14.090909090909092
Somerst,1Fam,8,11216,3,2.0,2,232600,20.738231098430813
NridgHt,1Fam,10,14803,2,2.0,3,385000,26.008241572654192
Other,1Fam,5,6130,2,1.0,0,109500,17.862969004893966
SawyerW,1Fam,7,8529,3,2.0,2,189000,22.159690467815686
Other,1Fam,5,28698,3,2.5,2,185000,6.446442260784724
Somerst,Twnhs,7,2544,2,2.5,2,147400,57.94025157232704
NAmes,1Fam,6,11900,3,1.5,2,166000,13.949579831932773
Somerst,TwnhsE,7,3180,2,2.5,2,151000,47.484276729559745
CollgCr,1Fam,7,9548,3,2.5,2,237000,24.82195224130708
NAmes,1Fam,6,10004,3,1.5,2,167000,16.69332267093163
NAmes,1Fam,5,7875,3,1.0,2,139950,17.771428571428572
Sawyer,1Fam,4,9600,2,2.0,2,128000,13.333333333333334
OldTown,1Fam,5,8100,2,1.0,2,153500,18.950617283950617
Other,Twnhs,6,1680,2,1.5,1,100000,59.523809523809526
CollgCr,1Fam,5,9525,3,1.5,1,144000,15.118110236220472
Edwards,1Fam,5,11767,3,1.0,1,130500,11.090337384210079
Other,1Fam,6,12155,4,2.0,1,140000,11.517893870835048
OldTown,1Fam,5,10440,3,2.0,2,157500,15.086206896551724
NAmes,1Fam,6,9020,3,1.5,2,174900,19.390243902439025
NAmes,Duplex,5,8000,6,2.0,0,141000,17.625
OldTown,1Fam,5,12665,4,1.5,3,153900,12.151598894591393
Sawyer,1Fam,5,16647,3,2.0,2,171000,10.272121102901425
SawyerW,1Fam,7,9317,3,2.5,2,213000,22.86143608457658
Other,1Fam,6,45600,5,3.0,2,240000,5.2631578947368425
Other,1Fam,6,9600,3,2.5,2,187000,19.479166666666668
CollgCr,TwnhsE,6,4435,1,1.0,2,131500,29.650507328072152
Other,TwnhsE,8,3196,2,2.0,2,215000,67.27158948685857
Other,1Fam,7,7128,4,2.0,1,164000,23.007856341189676
NAmes,1Fam,6,12095,3,1.5,2,158000,13.063249276560562
Sawyer,1Fam,5,17920,3,1.5,2,170000,9.486607142857142
Sawyer,1Fam,5,6897,3,1.5,1,127000,18.41380310279832
CollgCr,1Fam,6,10970,3,1.0,2,147000,13.400182315405651
Gilbert,1Fam,6,8125,3,2.5,2,174000,21.415384615384614
NWAmes,1Fam,7,10400,3,2.0,2,152000,14.615384615384615
NWAmes,1Fam,6,11029,4,2.5,2,250000,22.667512920482366
Other,1Fam,7,7642,3,1.5,1,189950,24.856058623397015
Sawyer,2fmCon,5,11625,3,1.5,2,131500,11.311827956989248
SawyerW,1Fam,6,9672,3,2.0,2,152000,15.715467328370554
NAmes,1Fam,5,7931,3,1.0,1,132500,16.70659437649729
Somerst,1Fam,7,8640,3,2.0,2,250580,29.002314814814813
NAmes,1Fam,5,8750,3,1.0,2,148500,16.97142857142857
Other,1Fam,8,10656,3,2.0,3,248900,23.35773273273273
Sawyer,1Fam,4,6970,3,1.5,2,129000,18.507890961262554
Gilbert,1Fam,5,14762,2,2.0,2,169000,11.448313236688795
SawyerW,1Fam,7,9938,3,2.5,2,236000,23.74723284363051
NAmes,1Fam,5,6600,2,1.0,1,109500,16.59090909090909
CollgCr,1Fam,6,8750,3,2.5,2,200500,22.914285714285715
NAmes,1Fam,5,8892,3,1.0,2,116000,13.045434098065677
NAmes,1Fam,5,12144,3,1.0,1,133000,10.951910408432148
OldTown,1Fam,5,5720,3,1.5,1,66500,11.625874125874127
Somerst,1Fam,8,9000,4,2.5,2,303477,33.71966666666667
Other,1Fam,4,25286,3,1.0,2,132250,5.2301668907695955
NridgHt,1Fam,9,8834,4,2.5,3,350000,39.61965134706814
Sawyer,1Fam,5,11782,3,1.0,2,148000,12.561534544219997
CollgCr,1Fam,5,7000,3,1.0,1,136500,19.5
Edwards,1Fam,5,7024,2,1.5,2,157000,22.351936218678816
Other,1Fam,7,13758,3,2.5,2,187500,13.628434365460096
Gilbert,1Fam,6,9636,3,2.5,2,178000,18.47239518472395
Other,1Fam,4,6204,5,1.0,1,118500,19.100580270793035
NAmes,1Fam,5,7150,3,1.0,1,100000,13.986013986013987
Somerst,TwnhsE,9,5119,2,2.0,2,328900,64.2508302402813
NAmes,Duplex,5,8393,4,2.0,2,145000,17.276301679971404
Edwards,1Fam,5,16466,3,1.5,1,135500,8.229078100327948
NAmes,1Fam,8,15865,4,2.0,2,268000,16.89253072801765
NAmes,1Fam,6,12160,2,1.0,2,149500,12.294407894736842
NAmes,1Fam,5,8064,3,1.0,2,122900,15.240575396825397
Sawyer,1Fam,6,11184,3,2.5,2,172500,15.42381974248927
Sawyer,1Fam,6,8414,3,1.0,1,154500,18.36225338721179
Sawyer,1Fam,5,13284,3,1.0,1,165000,12.420957542908763
SawyerW,Duplex,5,7018,4,2.0,2,118858,16.936164149330292
NAmes,1Fam,6,7056,4,1.5,2,140000,19.841269841269842
Other,1Fam,4,8765,2,1.0,1,106500,12.150598973188819
SawyerW,Duplex,5,7018,6,2.0,2,142953,20.369478483898547
NridgHt,1Fam,9,12919,2,2.5,3,611657,47.345537580308076
Sawyer,1Fam,5,6993,3,1.0,1,135000,19.305019305019304
NAmes,1Fam,4,7340,2,1.0,1,110000,14.986376021798366
NAmes,1Fam,5,8712,2,1.0,1,153000,17.56198347107438
Gilbert,1Fam,7,7875,3,2.5,2,180000,22.857142857142858
Gilbert,1Fam,7,14859,3,2.0,3,240000,16.151827175449224
Sawyer,1Fam,5,6173,3,1.0,1,125500,20.3304714077434
NAmes,1Fam,5,9920,3,1.0,1,128000,12.903225806451612
Somerst,1Fam,8,13501,3,2.0,3,255000,18.887489815569218
Other,1Fam,7,11500,3,1.5,1,250000,21.73913043478261
Other,1Fam,5,8885,2,1.0,2,131000,14.743950478334272
Gilbert,1Fam,6,12589,3,2.5,2,174000,13.82159027722615
NAmes,Duplex,5,11600,5,2.0,2,154300,13.301724137931034
CollgCr,1Fam,5,9286,3,1.5,1,143500,15.453370665517983
Other,1Fam,5,6120,3,1.0,1,88000,14.379084967320262
Other,Duplex,5,6270,4,2.0,3,145000,23.125996810207337
Somerst,TwnhsE,6,3000,2,2.5,2,173733,57.911
Edwards,1Fam,4,17140,3,1.0,1,135000,7.8763127187864646
SawyerW,1Fam,7,13125,4,2.5,3,238000,18.133333333333333
NAmes,1Fam,6,11029,3,1.0,2,176500,16.00326412186055
SawyerW,1Fam,6,8462,3,2.5,2,201000,23.75324982273694
Edwards,Duplex,5,8777,4,3.0,0,145900,16.62299191067563
Gilbert,1Fam,6,10237,3,2.0,2,169990,16.605450815668654
SawyerW,TwnhsE,6,8012,2,2.0,2,193000,24.088866699950074
NWAmes,1Fam,6,10240,3,2.0,2,207500,20.263671875
NWAmes,1Fam,5,15611,3,2.0,2,175000,11.210044199602844
NridgHt,1Fam,8,11999,4,2.5,3,285000,23.75197933161097
NWAmes,1Fam,7,9900,4,2.5,2,176000,17.77777777777778
CollgCr,1Fam,8,11838,3,2.0,2,236500,19.9780368305457
Gilbert,1Fam,7,13006,4,2.5,2,222000,17.06904505612794
Other,1Fam,8,8925,3,2.0,3,201000,22.521008403361346
NAmes,1Fam,5,9100,2,1.0,1,117500,12.912087912087912
Somerst,1Fam,9,11670,3,2.0,3,320000,27.420736932305054
CollgCr,1Fam,7,8487,3,2.0,2,190000,22.387180393543066
NAmes,1Fam,7,27650,4,2.0,2,242000,8.752260397830018
Other,1Fam,4,5825,1,1.0,2,79900,13.716738197424892
SawyerW,1Fam,7,10083,2,2.0,2,184900,18.33779629078647
Somerst,1Fam,7,9675,3,2.5,2,253000,26.149870801033593
CollgCr,1Fam,7,8760,3,2.5,3,239799,27.37431506849315
Other,1Fam,7,24090,4,2.0,1,244400,10.145288501452885
Other,Duplex,6,12640,4,2.0,2,150900,11.938291139240507
Gilbert,1Fam,7,8755,3,2.5,2,214000,24.44317532838378
Edwards,Duplex,4,7711,4,2.0,0,150000,19.452729866424587
Other,Duplex,5,25000,4,2.0,2,143000,5.72
Other,1Fam,6,14375,3,1.0,2,137500,9.565217391304348
OldTown,1Fam,5,8820,2,1.0,2,124900,14.160997732426305
NAmes,1Fam,5,8163,3,1.0,1,143000,17.51806933725346
Other,1Fam,8,14536,3,2.0,3,270000,18.574573472757294
CollgCr,1Fam,7,14006,3,2.5,2,192500,13.74410966728545
NWAmes,1Fam,6,9360,3,1.5,2,197500,21.10042735042735
NAmes,1Fam,5,7200,3,1.0,2,129000,17.916666666666668
SawyerW,1Fam,5,7800,3,1.0,1,119900,15.371794871794872
CollgCr,1Fam,5,7200,2,1.0,1,133900,18.59722222222222
Other,1Fam,5,11075,4,2.5,2,172000,15.530474040632054
Edwards,Duplex,6,9400,4,2.0,0,127500,13.563829787234043
Other,Duplex,6,7136,4,2.0,2,145000,20.319506726457398
Sawyer,1Fam,5,7420,3,1.0,2,132000,17.78975741239892
CollgCr,1Fam,7,8450,3,2.0,2,185000,21.893491124260354
Other,1Fam,5,7207,2,1.0,0,116500,16.1648397391425
NWAmes,1Fam,6,12227,4,2.5,2,272000,22.245849349799624
CollgCr,1Fam,9,11923,2,2.0,2,239000,20.04529061477816
Other,1Fam,7,11316,4,2.5,2,214900,18.990809473312126
Gilbert,1Fam,6,10237,3,2.5,2,178900,17.47582299501807
Other,1Fam,5,9600,2,1.5,1,160000,16.666666666666668
NAmes,1Fam,5,7390,3,1.0,1,135000,18.26792963464141
OldTown,1Fam,3,5925,2,1.0,0,37900,6.39662447257384
NAmes,2fmCon,6,10382,2,1.0,1,140000,13.484877672895395
NAmes,1Fam,4,10800,4,1.5,0,135000,12.5
SawyerW,TwnhsE,6,7892,2,2.0,1,99500,12.607704004054739
Somerst,1Fam,7,11639,3,2.0,2,182000,15.637082223558725
Other,1Fam,7,11414,3,1.0,2,167500,14.674960574732784
Other,1Fam,4,5900,2,1.0,0,85500,14.491525423728813
Somerst,TwnhsE,7,4274,1,1.5,2,199900,46.77117454375293
Edwards,1Fam,4,9450,3,1.0,2,110000,11.640211640211641
Sawyer,1Fam,5,8816,3,1.0,2,139000,15.766787658802178
NAmes,1Fam,7,12122,3,1.0,2,178400,14.717043392179509
Other,1Fam,8,12203,4,2.5,3,336000,27.53421289846759
Other,1Fam,7,3182,2,2.0,2,159895,50.24984286612194
CollgCr,1Fam,8,11250,4,2.5,2,255900,22.746666666666666
Other,Duplex,5,10125,4,2.0,2,126000,12.444444444444445
Edwards,2fmCon,5,10880,3,1.0,1,125000,11.488970588235293
OldTown,1Fam,6,5310,2,1.0,1,117000,22.033898305084747
NWAmes,1Fam,6,12046,4,2.5,2,195000,16.18794620620953
Somerst,1Fam,7,8125,3,2.5,2,197000,24.246153846153845
OldTown,1Fam,8,17671,4,1.5,2,168000,9.50710203157716
NAmes,1Fam,6,9760,3,2.5,2,187000,19.15983606557377
CollgCr,1Fam,6,8846,3,2.5,2,173900,19.65860275830884
NridgHt,1Fam,10,12456,3,2.0,3,337500,27.095375722543352
Other,1Fam,4,4712,3,1.5,1,121600,25.806451612903224
NAmes,1Fam,5,10659,3,1.0,1,136500,12.806079369546861
NWAmes,1Fam,6,11717,2,2.0,2,185000,15.789024494324487
Other,1Fam,3,9786,3,1.0,1,91000,9.298998569384835
CollgCr,1Fam,7,6762,2,2.0,2,206000,30.46435965690624
Edwards,1Fam,3,10206,2,1.0,2,82000,8.034489515970998
OldTown,1Fam,5,5400,2,1.0,1,86000,15.925925925925926
Somerst,1Fam,8,11957,3,2.0,3,232000,19.402860249226393
NWAmes,Duplex,5,11500,4,2.0,2,136905,11.904782608695653
Other,TwnhsE,7,3182,1,2.0,2,181000,56.882463859208045
CollgCr,1Fam,5,8385,3,2.0,1,149900,17.87716159809183
NAmes,1Fam,6,12155,3,2.0,2,163500,13.451254627725216
Other,1Fam,7,12118,3,2.0,2,240000,19.805248390823568
Other,1Fam,5,6000,4,2.0,0,102000,17.0
Sawyer,1Fam,5,21286,4,2.0,1,135000,6.342196749036925
Edwards,Duplex,5,9825,4,2.0,0,100000,10.178117048346056
Other,1Fam,6,10592,3,1.5,1,165000,15.577794561933535
OldTown,1Fam,5,7200,2,1.0,1,85000,11.805555555555555
NAmes,1Fam,6,11664,2,1.0,1,119200,10.219478737997257
CollgCr,1Fam,7,11883,3,2.0,2,203000,17.083228141041825
Other,TwnhsE,8,5814,1,1.0,2,187500,32.24974200206398
Gilbert,1Fam,7,10784,3,2.5,2,160000,14.836795252225519
CollgCr,1Fam,7,7406,2,2.0,2,194000,26.194977045638673
OldTown,1Fam,5,9439,2,1.0,1,87000,9.217078080305116
Other,TwnhsE,7,3182,2,2.0,2,191000,60.02514142049026
Other,1Fam,8,15498,2,2.0,2,287000,18.51851851851852
CollgCr,1Fam,5,7700,3,1.0,2,112500,14.61038961038961
NAmes,1Fam,5,9300,3,1.0,2,167500,18.010752688172044
Other,1Fam,8,9520,3,2.0,3,293077,30.785399159663864
NAmes,1Fam,5,9492,3,1.0,1,105000,11.061946902654867
Other,2fmCon,5,7082,5,2.0,0,160000,22.59248799774075
Other,1Fam,7,15863,5,2.5,2,197000,12.418836285696274
Other,1Fam,8,14541,5,2.5,3,310000,21.31902895261674
CollgCr,1Fam,7,8125,3,2.0,3,230000,28.307692307692307
Other,1Fam,5,6305,2,1.0,1,119750,18.992862807295797
Edwards,1Fam,4,11500,3,1.0,1,84000,7.304347826086956
Other,1Fam,9,12898,2,2.0,3,315500,24.46115676849124
Other,TwnhsE,4,1477,1,1.0,1,80000,54.16384563303995
Sawyer,1Fam,5,13125,3,2.0,2,155000,11.80952380952381
NWAmes,1Fam,6,9130,4,1.5,2,173000,18.948521358159912
NridgHt,Twnhs,6,5381,1,2.0,2,196000,36.42445642073964
Edwards,1Fam,3,13680,4,2.0,2,139600,10.2046783625731
Other,1Fam,9,16056,4,3.5,3,556581,34.664985052316894
CollgCr,1Fam,5,9245,3,1.0,2,145000,15.68415359653867
Other,1Fam,5,21750,3,1.0,2,115000,5.287356321839081
Edwards,1Fam,4,11100,2,1.0,1,84900,7.648648648648648
Gilbert,1Fam,7,8993,3,2.0,2,176485,19.624708106304904
CollgCr,1Fam,7,11175,3,2.0,2,200141,17.909709172259507
NAmes,1Fam,6,9500,4,1.5,2,165000,17.36842105263158
Edwards,1Fam,5,8562,4,1.0,1,144500,16.876897921046485
CollgCr,1Fam,8,11367,3,2.5,2,255000,22.433359725521246
NWAmes,1Fam,6,11361,3,2.0,2,180000,15.843675732770002
NridgHt,TwnhsE,7,7052,2,2.0,2,185850,26.35422575155984
Other,1Fam,7,29959,3,2.5,2,248000,8.277979905871357
NridgHt,1Fam,9,11308,3,2.5,3,335000,29.625044216483904
Other,1Fam,6,11275,3,1.5,2,220000,19.51219512195122
Other,TwnhsE,8,4920,2,2.0,2,213500,43.39430894308943
Other,1Fam,3,18000,2,1.0,3,81000,4.5
OldTown,2fmCon,5,13600,5,2.0,2,90000,6.617647058823529
OldTown,1Fam,6,6000,2,1.0,2,110500,18.416666666666668
NAmes,1Fam,5,11000,3,1.5,2,154000,14.0
Other,1Fam,7,14000,3,2.5,2,328000,23.428571428571427
Gilbert,1Fam,6,7837,3,2.5,2,178000,22.712772744672705
NAmes,1Fam,6,9760,4,1.5,2,167900,17.202868852459016
NAmes,1Fam,5,9600,2,1.0,2,135000,14.0625
NAmes,1Fam,5,10152,3,1.0,1,135000,13.297872340425531
NWAmes,1Fam,6,11700,4,1.5,2,154000,13.162393162393162
Edwards,1Fam,5,7585,4,1.0,1,91500,12.063282794990112
Edwards,1Fam,6,7950,3,1.5,2,159500,20.062893081761008
CollgCr,1Fam,7,8556,2,2.0,3,194000,22.67414679756896
Other,1Fam,7,13125,3,1.5,1,219500,16.723809523809525
OldTown,1Fam,5,10800,3,2.0,2,170000,15.74074074074074
CollgCr,TwnhsE,6,4435,1,1.0,2,155900,35.152198421646
CollgCr,1Fam,5,8775,3,1.0,1,126000,14.35897435897436
NWAmes,1Fam,6,11040,3,2.0,2,145000,13.134057971014492
Sawyer,1Fam,5,7500,3,1.5,1,133000,17.733333333333334
CollgCr,1Fam,7,8749,3,2.0,2,192000,21.945365184592525
NAmes,1Fam,6,8800,3,1.0,1,160000,18.181818181818183
Gilbert,1Fam,6,13031,3,2.5,2,187500,14.388765252091167
SawyerW,1Fam,6,9069,2,1.0,2,147000,16.20906384386371
Somerst,1Fam,8,10574,3,2.5,3,252000,23.83204085492718
Somerst,TwnhsE,8,3316,1,1.5,2,197000,59.408926417370324
NAmes,Duplex,3,8544,2,2.0,2,92900,10.87312734082397
Somerst,Twnhs,7,2160,2,2.5,2,160000,74.07407407407408
Other,1Fam,6,8400,4,2.0,2,136500,16.25
NAmes,1Fam,5,9230,1,1.5,2,146000,15.817984832069339
CollgCr,1Fam,6,9317,3,2.0,2,176432,18.93656756466674
Other,1Fam,6,6882,3,1.5,0,127000,18.45393780877652
Other,TwnhsE,8,3696,2,1.5,2,170000,45.995670995671
Other,1Fam,4,6000,3,1.0,1,128000,21.333333333333332
NWAmes,1Fam,7,11880,3,2.0,2,157000,13.215488215488216
Other,1Fam,2,8400,1,1.0,1,60000,7.142857142857143
NAmes,1Fam,5,9758,3,1.0,1,119500,12.246361959417914
NAmes,1Fam,5,7000,2,1.0,1,135000,19.285714285714285
NAmes,1Fam,6,8910,3,1.0,2,159500,17.901234567901234
Other,1Fam,8,12256,3,2.5,2,325000,26.517624020887727
SawyerW,1Fam,7,10357,3,2.0,2,179900,17.369894757169064
Gilbert,1Fam,7,23257,3,2.5,2,274725,11.812572558799502
Gilbert,1Fam,6,8063,3,2.5,2,181000,22.448220265409898
NridgHt,1Fam,8,11362,3,2.0,3,280000,24.643548671008624
Gilbert,1Fam,6,8000,3,2.5,2,188000,23.5
NWAmes,1Fam,7,10480,4,2.5,2,205000,19.561068702290076
NAmes,1Fam,5,7100,2,1.0,1,129900,18.295774647887324
NAmes,1Fam,5,8923,2,1.0,1,134500,15.073405805222459
OldTown,1Fam,5,5400,2,1.0,1,117000,21.666666666666668
NridgHt,1Fam,8,12085,3,2.0,3,318000,26.31361191559785
Gilbert,1Fam,8,7750,3,2.5,2,184100,23.75483870967742
Sawyer,1Fam,5,9764,3,1.0,2,130000,13.31421548545678
Sawyer,1Fam,5,13825,3,1.0,1,140000,10.126582278481013
NAmes,1Fam,5,7560,3,1.0,1,133700,17.685185185185187
Other,1Fam,6,8263,2,1.0,1,118400,14.328936221711244
CollgCr,1Fam,7,10084,3,2.0,3,212900,21.112653708845695
Edwards,1Fam,4,8926,3,1.0,1,112000,12.547613712749271
Edwards,1Fam,5,9405,2,1.0,0,118000,12.546517809675704
Gilbert,1Fam,7,9125,3,2.5,2,163900,17.96164383561644
NAmes,1Fam,4,10434,2,1.0,2,115000,11.02165995783017
Other,TwnhsE,7,3684,2,2.0,3,174000,47.23127035830619
Gilbert,1Fam,7,14572,3,2.0,3,259000,17.773812791655228
Gilbert,1Fam,7,11796,4,2.5,2,215000,18.226517463546966
OldTown,Duplex,5,7200,2,1.0,2,140000,19.444444444444443
Other,1Fam,4,7804,4,2.0,2,135000,17.298821117375706
Other,1Fam,5,10712,3,1.0,0,93500,8.728528752800598
OldTown,1Fam,6,9900,5,2.0,1,117500,11.868686868686869
SawyerW,1Fam,8,9828,3,2.5,2,239500,24.36914936914937
Gilbert,1Fam,6,8773,3,2.5,2,169000,19.263649834720166
Other,1Fam,6,6180,2,1.0,1,102000,16.50485436893204
NAmes,1Fam,6,9600,3,1.0,1,119000,12.395833333333334
Sawyer,1Fam,5,6342,2,1.0,0,94000,14.821822768842637
Other,1Fam,6,9819,2,2.0,2,196000,19.961299521336183
Other,1Fam,5,8731,3,1.0,2,144000,16.492956133318064
NAmes,1Fam,5,7350,2,1.0,2,139000,18.91156462585034
NWAmes,1Fam,5,10304,4,2.5,2,197500,19.167313664596275
CollgCr,1Fam,8,9965,4,3.0,3,424870,42.63622679377822
Sawyer,1Fam,5,9000,3,1.0,0,80000,8.88888888888889
Edwards,2fmCon,4,12180,2,1.0,1,80000,6.568144499178982
Other,1Fam,5,6240,3,1.0,1,149000,23.878205128205128
SawyerW,1Fam,6,11200,3,2.0,2,180000,16.071428571428573
Other,1Fam,7,12000,3,1.5,1,174500,14.541666666666666
OldTown,1Fam,7,5700,2,1.0,1,116900,20.50877192982456
OldTown,1Fam,7,9000,3,1.0,2,143000,15.88888888888889
NAmes,1Fam,6,8280,2,1.0,1,124000,14.97584541062802
Edwards,1Fam,5,17755,3,1.5,2,149900,8.442692199380456
Other,1Fam,6,14115,2,1.0,2,230000,16.294721927027986
Other,1Fam,6,5890,2,1.0,1,120500,20.458404074702887
NAmes,1Fam,7,13700,4,2.0,2,201800,14.72992700729927
Other,1Fam,5,10768,3,2.0,2,218000,20.24517087667162
NAmes,1Fam,5,9350,3,2.0,2,179900,19.240641711229948
NridgHt,Twnhs,7,5001,2,2.0,2,230000,45.99080183963208
Somerst,1Fam,8,11932,3,2.0,3,235128,19.70566543747905
NWAmes,1Fam,6,9120,4,2.5,2,185000,20.285087719298247
Other,1Fam,6,14778,3,1.0,2,224000,15.157666802002977
Sawyer,1Fam,5,8724,3,1.0,2,129000,14.786795048143054
Other,1Fam,5,16157,2,1.5,2,194000,12.007179550659156
NridgHt,1Fam,7,9541,3,2.0,2,233170,24.438738077769624
CollgCr,1Fam,8,10475,3,2.0,3,245350,23.422434367541765
Gilbert,1Fam,6,10852,3,2.5,2,173000,15.941761887209731
Edwards,1Fam,6,13728,4,2.0,2,235000,17.11829836829837
Other,1Fam,10,35760,4,3.5,3,625000,17.477628635346758
Other,1Fam,6,9880,3,1.0,1,171000,17.307692307692307
NAmes,1Fam,6,9120,3,1.0,2,163000,17.87280701754386
Somerst,TwnhsE,7,4017,2,2.5,2,171900,42.79312920089619
Other,1Fam,5,18030,3,3.0,0,200500,11.120354963948975
Other,1Fam,6,16560,4,2.5,2,239000,14.432367149758454
Other,1Fam,8,10678,4,2.5,2,285000,26.690391459074732
Other,1Fam,5,6951,3,1.0,1,119500,17.191770968206015
Other,1Fam,5,7681,3,1.5,1,154900,20.16664496810311
Edwards,1Fam,5,8335,3,1.0,0,93000,11.157768446310738
Other,1Fam,7,11170,4,2.5,2,250000,22.381378692927484
OldTown,1Fam,5,10800,2,1.0,2,120000,11.11111111111111
Other,1Fam,5,35133,3,1.5,3,186700,5.314092164062278
Edwards,1Fam,5,9738,4,1.0,1,104900,10.772232491271309
OldTown,2fmCon,3,10615,3,2.0,2,95000,8.949599623174752
Other,1Fam,8,12461,2,2.0,3,262000,21.02559987159939
CollgCr,1Fam,7,8935,3,2.5,2,195000,21.824286513710128
Gilbert,1Fam,7,7500,3,2.5,2,189000,25.2
Other,2fmCon,4,32463,3,1.0,4,168000,5.175122447093615
Somerst,Twnhs,8,2645,2,2.5,2,174000,65.78449905482042
OldTown,1Fam,5,9600,3,1.0,1,125000,13.020833333333334
Other,TwnhsE,6,4500,2,2.0,2,165000,36.666666666666664
Sawyer,1Fam,6,9364,4,1.5,1,158000,16.87313114053823
Gilbert,1Fam,6,8029,3,2.5,2,176000,21.920538049570307
Gilbert,1Fam,7,14054,4,2.5,3,219210,15.597694606517717
OldTown,1Fam,7,8850,3,1.0,1,144000,16.271186440677965
CollgCr,1Fam,7,9100,3,2.0,2,178000,19.560439560439562
Sawyer,1Fam,4,11235,3,1.5,2,148000,13.17311971517579
NAmes,1Fam,4,9353,3,1.0,1,116050,12.40778359884529
CollgCr,1Fam,7,10400,3,2.5,2,197900,19.028846153846153
Other,1Fam,5,6000,3,1.0,1,117000,19.5
CollgCr,1Fam,7,9750,3,2.0,2,213000,21.846153846153847
NWAmes,1Fam,5,10140,3,1.5,2,153500,15.138067061143984
SawyerW,1Fam,7,14684,3,2.0,3,271900,18.516752928357395
SawyerW,1Fam,4,8900,2,1.0,1,107000,12.02247191011236
CollgCr,1Fam,6,9135,3,2.0,2,200000,21.893814997263274
NAmes,1Fam,5,7763,3,1.0,2,140000,18.034265103697024
Somerst,1Fam,8,10182,3,2.0,2,290000,28.481634256531134
SawyerW,1Fam,6,11218,3,2.5,2,189000,16.847922980923517
Gilbert,1Fam,8,12134,4,2.0,2,164000,13.515740893357508
Edwards,1Fam,4,9340,2,1.0,1,113000,12.098501070663811
NAmes,1Fam,5,10205,3,1.0,1,134500,13.179813816756491
Sawyer,1Fam,5,7094,3,1.0,1,125000,17.62052438680575
Sawyer,Duplex,6,8930,4,2.0,2,112000,12.541993281075028
Somerst,1Fam,8,8640,3,2.0,2,229456,26.557407407407407
Other,1Fam,4,6240,2,1.0,0,80500,12.900641025641026
NAmes,1Fam,5,7800,2,1.0,1,115000,14.743589743589743
Sawyer,1Fam,5,8250,3,1.0,1,134000,16.242424242424242
NAmes,1Fam,6,10496,3,2.0,1,143000,13.62423780487805
NAmes,1Fam,5,10680,4,2.0,2,137900,12.911985018726591
Gilbert,1Fam,7,15384,3,2.5,2,184000,11.960478419136766
NAmes,1Fam,6,10482,3,1.0,1,145000,13.833237931692425
Somerst,1Fam,6,14598,4,2.5,3,214000,14.659542403068913
NAmes,1Fam,5,8872,2,1.0,2,147000,16.568981064021642
NridgHt,TwnhsE,9,8769,1,1.5,3,367294,41.88550575892348
NAmes,1Fam,5,7910,4,2.0,1,127000,16.055625790139064
Sawyer,Duplex,5,18890,4,3.0,2,190000,10.058231868713605
NAmes,Duplex,5,7728,3,1.0,2,132500,17.14544513457557
NAmes,Duplex,4,9842,2,2.0,2,101800,10.343426132899816
NAmes,1Fam,5,12160,3,1.0,2,142000,11.677631578947368
Other,1Fam,5,8525,4,1.5,0,130000,15.249266862170089
Other,1Fam,5,13132,4,1.5,1,138887,10.576226012793176
CollgCr,1Fam,7,12393,4,2.5,2,195000,15.734688937303316
SawyerW,1Fam,6,13072,3,1.5,2,142500,10.901162790697674
Other,1Fam,8,9037,2,2.0,2,265900,29.42348124377559
CollgCr,1Fam,7,8158,3,2.5,2,224900,27.568031380240257
Somerst,1Fam,7,9849,3,2.0,3,248328,25.213524215656413
NWAmes,1Fam,7,10625,3,2.0,2,170000,16.0
NridgHt,1Fam,10,13891,2,2.5,3,465000,33.47491181340436
Other,1Fam,8,11435,3,1.0,2,230000,20.113686051595977
NWAmes,1Fam,6,12090,3,3.5,2,178000,14.722911497105045
Somerst,1Fam,7,8125,3,2.5,2,186500,22.953846153846154
Other,1Fam,6,12328,3,1.0,3,169900,13.78163530175211
OldTown,1Fam,6,9600,3,1.5,2,129500,13.489583333333334
NAmes,1Fam,5,7200,3,1.0,1,119000,16.52777777777778
NridgHt,TwnhsE,7,3136,2,2.0,2,171750,54.767219387755105
Other,1Fam,5,9858,3,1.0,1,130000,13.187259078920674
Other,1Fam,7,17542,3,2.5,2,294000,16.75977653631285
Other,1Fam,6,6240,3,1.0,1,127500,20.432692307692307
Other,1Fam,8,14303,2,2.0,2,301500,21.07949381248689
Edwards,1Fam,5,4060,2,1.0,0,99900,24.60591133004926
Gilbert,1Fam,7,9587,2,2.0,2,190000,19.818504224470637
NAmes,1Fam,6,9750,3,1.5,2,151000,15.487179487179487
NAmes,1Fam,5,9600,2,1.0,1,128900,13.427083333333334
Other,1Fam,4,11250,5,1.0,1,161500,14.355555555555556
Other,1Fam,6,13515,3,1.0,2,180500,13.355530891601925
OldTown,2fmCon,7,10120,4,1.5,1,122000,12.055335968379447
Other,1Fam,9,13214,3,2.0,3,378500,28.643862570001513
Other,1Fam,8,14100,4,3.5,3,381000,27.02127659574468
NAmes,1Fam,5,11344,3,1.5,1,144000,12.693935119887165
NWAmes,1Fam,6,9156,3,2.0,2,185750,20.287243337702055
Sawyer,1Fam,5,13526,3,1.0,1,137000,10.128641135590714
Edwards,1Fam,6,11512,2,1.0,1,177000,15.375260597637249
Other,1Fam,5,5362,3,2.0,2,139000,25.923162998881015
NAmes,Duplex,5,11345,4,2.0,2,137000,12.075804319083296
NWAmes,1Fam,6,12936,3,1.5,2,162000,12.523191094619666
NWAmes,1Fam,6,17871,3,1.5,2,197900,11.073806725980639
CollgCr,1Fam,8,9473,3,2.5,2,237000,25.01847355642352
Other,1Fam,4,7500,2,1.0,2,68400,9.12
CollgCr,1Fam,7,9808,3,2.0,2,227000,23.144371941272432
Other,1Fam,7,8049,2,2.0,2,180000,22.363026462914647
CollgCr,1Fam,5,8800,3,2.0,2,150500,17.102272727272727
Other,Duplex,6,9400,4,3.0,0,139000,14.787234042553191
Other,1Fam,6,9638,4,2.0,1,169000,17.534758248599296
Other,1Fam,6,6000,4,1.0,1,132500,22.083333333333332
NWAmes,1Fam,6,9790,3,1.5,2,143000,14.606741573033707
Other,1Fam,5,36500,4,2.0,2,190000,5.205479452054795
Other,TwnhsE,8,5664,2,2.0,2,278000,49.0819209039548
NridgHt,1Fam,8,11065,3,2.5,3,281000,25.395390872119297
NAmes,1Fam,5,14112,3,1.0,2,180500,12.790532879818594
OldTown,1Fam,5,6600,4,2.0,1,107500,16.28787878787879
NWAmes,1Fam,7,10140,4,2.5,2,162900,16.06508875739645
Edwards,1Fam,5,8172,2,1.0,2,115000,14.072442486539403
NAmes,1Fam,5,8400,3,1.5,1,138500,16.488095238095237
NAmes,1Fam,5,8700,3,2.0,2,155000,17.816091954022987
Edwards,1Fam,10,63887,3,2.5,2,160000,2.5044218698639784
NAmes,1Fam,5,7500,3,1.5,1,154000,20.533333333333335
Gilbert,1Fam,7,10762,3,2.5,2,225000,20.90689462925107
Other,1Fam,6,7500,3,1.0,1,177500,23.666666666666668
Other,1Fam,8,10120,4,2.5,3,290000,28.656126482213438
Somerst,1Fam,7,8688,3,2.0,3,232000,26.703499079189687
NridgHt,1Fam,9,13173,2,2.0,2,325000,24.671676914901692
NridgHt,TwnhsE,7,6955,2,2.0,2,202500,29.115744069015097
CollgCr,1Fam,5,8072,3,1.0,2,138000,17.09613478691774
OldTown,1Fam,5,12000,2,1.0,2,147000,12.25
SawyerW,1Fam,6,7153,3,2.0,2,179200,25.05242555571089
Other,1Fam,7,17500,3,2.0,2,335000,19.142857142857142
CollgCr,1Fam,7,8814,3,2.0,2,203000,23.031540730655774
Other,1Fam,8,9572,4,2.5,2,302000,31.550355202674467
Other,1Fam,9,14774,4,2.5,3,333168,22.55096791661026
Edwards,1Fam,4,8190,3,1.0,1,119000,14.52991452991453
NAmes,1Fam,6,11075,4,2.5,2,206900,18.681715575620768
CollgCr,1Fam,8,10226,3,2.0,3,295493,28.89624486602777
Somerst,TwnhsE,7,4230,2,2.0,2,208900,49.385342789598106
CollgCr,1Fam,8,14781,3,2.0,3,275000,18.604965834517287
Edwards,1Fam,4,10215,3,1.0,1,111000,10.866372980910425
NAmes,1Fam,6,8400,3,1.5,2,156500,18.63095238095238
Other,1Fam,3,6627,2,1.0,1,72500,10.94009355666214
Other,1Fam,7,10186,3,2.5,2,190000,18.653053210288633
Other,1Fam,4,5330,2,1.0,0,82500,15.47842401500938
Somerst,1Fam,8,9986,2,2.0,3,147000,14.720608852393351
Other,1Fam,4,3636,2,1.0,0,55000,15.126512651265127
Edwards,1Fam,3,4270,3,1.0,0,79000,18.501170960187352
Other,1Fam,5,6600,3,1.0,1,130500,19.772727272727273
OldTown,1Fam,6,10440,5,2.0,2,256000,24.521072796934867
Gilbert,1Fam,7,9084,3,2.5,2,176500,19.429766622633203
Somerst,1Fam,8,10000,3,2.0,3,227000,22.7
CollgCr,1Fam,5,10780,3,1.0,2,132500,12.291280148423006
Edwards,1Fam,4,8877,2,1.0,1,100000,11.265067027148811
Other,1Fam,5,7200,2,1.5,1,125500,17.430555555555557
NWAmes,1Fam,6,9650,2,2.0,2,167900,17.39896373056995
NWAmes,Duplex,5,9246,4,2.0,2,135000,14.600908500973395
OldTown,1Fam,4,4118,2,1.0,0,52500,12.748907236522584
CollgCr,1Fam,7,13450,3,2.5,2,200000,14.869888475836431
CollgCr,1Fam,5,9560,3,1.0,1,128500,13.44142259414226
NAmes,1Fam,4,8294,3,1.0,4,123000,14.829997588618278
SawyerW,1Fam,6,13695,3,1.0,2,155000,11.3179992698065
CollgCr,1Fam,8,9375,3,2.5,2,228500,24.373333333333335
Other,1Fam,6,7558,3,1.5,2,177000,23.418893887271764
CollgCr,1Fam,7,11103,3,2.5,2,155835,14.035395838962442
OldTown,1Fam,4,6000,2,1.0,1,108500,18.083333333333332
NWAmes,1Fam,7,20781,3,2.0,2,262500,12.631730908041
Other,1Fam,8,15306,3,2.0,3,283463,18.519730824513264
SawyerW,1Fam,7,16196,3,2.0,2,215000,13.274882687083231
OldTown,1Fam,8,5250,4,2.0,0,122000,23.238095238095237
NAmes,Duplex,5,11643,6,3.0,4,200000,17.1777033410633
NAmes,1Fam,6,9247,4,1.5,2,171000,18.49248404888072
Other,1Fam,6,6000,2,1.0,2,134900,22.483333333333334
Other,1Fam,8,14720,4,2.5,3,410000,27.85326086956522
CollgCr,1Fam,7,10316,3,2.5,3,235000,22.780147343931755
NWAmes,1Fam,7,10192,4,3.0,2,170000,16.679748822605966
NAmes,1Fam,5,9477,3,1.0,1,110000,11.607048644085681
NAmes,1Fam,5,12537,3,1.5,2,149900,11.9566084390205
NridgHt,1Fam,9,16737,3,2.0,3,315000,18.820577164366373
Other,1Fam,5,9842,4,3.5,2,189000,19.203413940256045
Other,1Fam,7,16158,3,2.0,2,260000,16.091100383710856
NAmes,1Fam,4,12513,4,2.0,1,104900,8.38328138735715
Gilbert,1Fam,6,8499,3,2.5,2,156932,18.46476056006589
Somerst,TwnhsE,7,3180,2,2.5,2,144152,45.330817610062894
Somerst,1Fam,7,7500,3,2.5,2,216000,28.8
CollgCr,1Fam,7,9179,3,2.5,2,193000,21.026255583396885
CollgCr,TwnhsE,6,4435,1,1.0,2,144000,32.468996617812856
CollgCr,1Fam,8,10635,3,2.0,2,232000,21.814762576398685
OldTown,1Fam,4,5400,2,1.0,1,105000,19.444444444444443
NAmes,1Fam,6,9600,3,1.0,1,165500,17.239583333333332
CollgCr,1Fam,7,9750,3,2.5,2,274300,28.133333333333333
Other,1Fam,10,11400,2,2.5,3,466500,40.921052631578945
Somerst,1Fam,7,10625,3,2.5,3,250000,23.529411764705884
Other,1Fam,8,10991,3,2.0,3,239000,21.745064143390046
Other,1Fam,6,6292,2,1.0,1,91000,14.462809917355372
Edwards,1Fam,5,10998,3,2.0,2,117000,10.638297872340425
Other,Twnhs,6,1953,2,1.5,1,83000,42.498719918074755
Other,1Fam,5,9735,3,2.5,2,167500,17.205957883923986
Edwards,1Fam,3,8212,2,1.0,1,58500,7.123721383341452
NAmes,1Fam,6,12925,4,2.5,2,237500,18.3752417794971
OldTown,1Fam,7,7200,4,1.5,2,157000,21.805555555555557
Edwards,1Fam,6,9060,2,1.0,1,105000,11.589403973509933
Other,1Fam,4,5436,3,1.0,1,125500,23.08682855040471
NWAmes,1Fam,7,16692,5,3.5,2,250000,14.977234603402827
OldTown,1Fam,6,8520,5,2.0,1,136000,15.96244131455399
Gilbert,1Fam,9,14892,3,2.0,3,377500,25.34918076819769
Other,1Fam,6,6000,3,1.0,2,131000,21.833333333333332
CollgCr,1Fam,7,9100,3,2.0,2,235000,25.824175824175825
NAmes,Duplex,5,8944,4,2.0,3,124000,13.864042933810376
NAmes,1Fam,5,7838,3,1.0,1,123000,15.692778770094412
OldTown,2fmCon,6,10800,3,2.0,2,163000,15.092592592592593
Other,TwnhsE,7,4045,2,2.0,3,246578,60.958714462299135
Other,1Fam,8,12665,4,2.5,3,281213,22.203947887879984
Other,1Fam,5,57200,3,1.0,2,160000,2.797202797202797
Other,1Fam,5,6120,4,1.5,1,137500,22.46732026143791
NAmes,1Fam,5,7200,3,1.5,1,138000,19.166666666666668
Other,1Fam,6,6171,3,2.5,1,137450,22.273537514179225
Other,1Fam,6,6000,3,1.0,1,120000,20.0
Gilbert,1Fam,6,7415,3,2.5,2,193000,26.02832097100472
CollgCr,1Fam,7,6762,2,2.0,2,193879,28.67184265010352
Somerst,1Fam,8,15256,3,2.0,3,282922,18.544965915049815
OldTown,1Fam,3,10410,3,1.0,3,105000,10.086455331412104
CollgCr,1Fam,5,8445,2,1.0,2,133000,15.748963883955003
Other,1Fam,5,8780,3,1.0,0,112000,12.75626423690205
OldTown,1Fam,4,7740,3,1.0,2,125500,16.214470284237727
NWAmes,1Fam,7,20544,3,2.5,2,215000,10.465342679127726
CollgCr,1Fam,7,12420,3,2.5,2,230000,18.51851851851852
NAmes,1Fam,6,9600,3,1.5,1,140000,14.583333333333334
NAmes,Duplex,4,7200,2,2.0,2,90000,12.5
SawyerW,1Fam,8,10994,2,2.0,2,257000,23.376387120247408
Other,1Fam,6,13053,4,1.5,2,207000,15.858423350953803
Other,TwnhsE,7,3635,1,2.0,3,175900,48.39064649243466
OldTown,2fmCon,4,11340,4,2.0,2,122500,10.802469135802468
Other,1Fam,8,16545,3,2.5,3,340000,20.550015110305228
NAmes,1Fam,5,9204,3,1.5,1,124000,13.472403302911777
Other,1Fam,6,16381,3,2.0,2,223000,13.613332519382212
NWAmes,1Fam,6,11700,3,2.5,2,179900,15.376068376068377
Other,TwnhsE,6,4043,2,2.0,2,127500,31.535988127628
CollgCr,TwnhsE,6,4435,1,1.0,2,136500,30.777903043968433
Edwards,1Fam,6,19690,4,2.0,2,274970,13.964956830878618
NAmes,1Fam,5,9503,2,1.0,1,144000,15.153109544354415
NAmes,1Fam,6,10721,3,1.0,2,142000,13.245033112582782
Other,1Fam,7,10944,3,2.5,2,271000,24.762426900584796
NAmes,1Fam,5,10930,3,1.5,1,140000,12.808783165599268
OldTown,1Fam,5,7200,2,1.0,1,119000,16.52777777777778
NWAmes,1Fam,6,12546,3,2.0,2,182900,14.578351665869599
Gilbert,1Fam,5,21930,4,2.5,2,192140,8.761513907888737
Other,TwnhsE,6,4928,2,2.0,2,143750,29.1700487012987
OldTown,1Fam,4,10800,4,2.0,1,64500,5.972222222222222
Gilbert,1Fam,6,10261,3,2.5,2,186500,18.175616411655785
Other,1Fam,5,17400,3,2.0,2,160000,9.195402298850574
NAmes,1Fam,6,8400,3,1.5,2,174000,20.714285714285715
NAmes,1Fam,4,9000,3,1.0,2,120500,13.38888888888889
NridgHt,1Fam,8,12444,2,2.0,3,394617,31.71142719382835
OldTown,1Fam,6,7407,2,1.0,2,149700,20.2106115836371
NWAmes,1Fam,7,11584,3,2.5,2,197000,17.00621546961326
Other,1Fam,6,11526,3,2.0,2,191000,16.57123026201631
CollgCr,TwnhsE,6,4426,1,1.0,2,149300,33.732489832806145
Somerst,1Fam,10,11003,3,2.5,3,310000,28.174134327001727
Other,1Fam,6,8854,2,1.0,1,121000,13.666139597921843
CollgCr,1Fam,7,8500,3,2.0,2,179600,21.129411764705882
Sawyer,1Fam,6,8400,3,1.0,1,129000,15.357142857142858
Other,1Fam,5,26142,3,1.0,1,157900,6.040088746079107
CollgCr,1Fam,8,10000,3,2.5,2,240000,24.0
Edwards,1Fam,4,11767,2,1.5,1,112000,9.518143961927423
Other,Twnhs,5,1533,1,1.0,0,92000,60.01304631441618
NAmes,Duplex,5,9000,4,3.0,0,136000,15.11111111111111
Somerst,1Fam,8,9262,3,2.0,3,287090,30.99654502267329
Other,1Fam,5,17217,3,1.0,0,84500,4.907939826915258
Somerst,1Fam,7,7500,2,2.0,2,185000,24.666666666666668
Gilbert,1Fam,6,7917,3,2.5,2,175000,22.104332449160037
NWAmes,1Fam,6,13175,3,2.0,2,210000,15.939278937381404
Other,1Fam,7,9042,4,2.0,1,266500,29.47356779473568
NAmes,1Fam,5,9717,2,1.0,1,142125,14.626427909848719
Edwards,1Fam,5,9937,3,1.5,1,147500,14.84351413907618
